"SAMPLE","DateTime","DATE","TIME","Timepoint","CYT","CYTSN","OP","FSC-A_Gain","SSC-A_Gain","R670-A_Gain","R730-A_Gain","R780-A_Gain","B530-A_Gain","B710-A_Gain","V450-A_Gain","V525-A_Gain","V610-A_Gain","V670-A_Gain","Y590-A_Gain","Y615-A_Gain","Y710-A_Gain","Y780-A_Gain","FSC-A-% rCV","SSC-A-% rCV","R670-A-% rCV","R730-A-% rCV","R780-A-% rCV","B530-A-% rCV","B710-A-% rCV","V450-A-% rCV","V525-A-% rCV","V610-A-% rCV","V670-A-% rCV","Y590-A-% rCV","Y615-A-% rCV","Y710-A-% rCV","Y780-A-% rCV","FSC-A","SSC-A","R670-A","R730-A","R780-A","B530-A","B710-A","V450-A","V525-A","V610-A","V670-A","Y590-A","Y615-A","Y710-A","Y780-A","Red_LaserDelay","Blue_LaserDelay","Violet_LaserDelay","yellow green_LaserDelay","Red_AreaScalingFactor","Blue_AreaScalingFactor","Violet_AreaScalingFactor","yellow green_AreaScalingFactor","FSC-H_Gain","FSC-W_Gain","SSC-H_Gain","SSC-W_Gain","R670-H_Gain","R730-H_Gain","R780-H_Gain","B530-H_Gain","B710-H_Gain","V450-H_Gain","V525-H_Gain","V610-H_Gain","V670-H_Gain","Y590-H_Gain","Y615-H_Gain","Y710-H_Gain","Y780-H_Gain","FSC-H-% rCV","FSC-W-% rCV","SSC-H-% rCV","SSC-W-% rCV","R670-H-% rCV","R730-H-% rCV","R780-H-% rCV","B530-H-% rCV","B710-H-% rCV","V450-H-% rCV","V525-H-% rCV","V610-H-% rCV","V670-H-% rCV","Y590-H-% rCV","Y615-H-% rCV","Y710-H-% rCV","Y780-H-% rCV","FSC-H","FSC-W","SSC-H","SSC-W","R670-H","R730-H","R780-H","B530-H","B710-H","V450-H","V525-H","V610-H","V670-H","Y590-H","Y615-H","Y710-H","Y780-H","Time_Gain"
"21-DEC-2017",2017-12-21 09:48:57,"2017-12-21","9H 48M 57S","Unknown","2.16.0","Unknown","Unknown",610,260,450,464,390,466,471,420,388,500,406,625,641,525,400,1.98,2.18,3.67,4.89,5.46,2.53,4.07,2.79,2.4,4.5,2.91,3.8,5.48,5.19,5.19,81788.02734375,115295.35546875,9260.05029296875,8319.64013671875,8538.9404296875,8076.58520507812,7898.02514648438,7841.29516601562,8121.22509765625,8202.60009765625,8335.58984375,9007,8529.75,7813,6866.5,NA,NA,NA,NA,NA,NA,NA,NA,NA,NA,NA,NA,NA,NA,NA,NA,NA,NA,NA,NA,NA,NA,NA,NA,NA,NA,NA,NA,NA,NA,NA,NA,NA,NA,NA,NA,NA,NA,NA,NA,NA,NA,NA,NA,NA,NA,NA,NA,NA,NA,NA,NA,NA,NA,NA,NA,NA,NA,NA,NA
"20-DEC-2017",2017-12-20 08:48:53,"2017-12-20","8H 48M 53S","Unknown","2.16.0","Unknown","Unknown",610,260,450,464,390,466,471,420,388,500,406,625,641,525,400,2.22,2.72,3.43,5.18,5.63,2.81,4.95,2.54,2.25,4.42,3.19,3.93,5.06,5.59,5.51,82481.3359375,115601.7890625,9466.0205078125,8546.6796875,8703.2001953125,8206.3203125,8082.6298828125,8089.14013671875,8320.7099609375,8419.2900390625,8298.3896484375,9028,8537,7830,6963,NA,NA,NA,NA,NA,NA,NA,NA,NA,NA,NA,NA,NA,NA,NA,NA,NA,NA,NA,NA,NA,NA,NA,NA,NA,NA,NA,NA,NA,NA,NA,NA,NA,NA,NA,NA,NA,NA,NA,NA,NA,NA,NA,NA,NA,NA,NA,NA,NA,NA,NA,NA,NA,NA,NA,NA,NA,NA,NA,NA
"19-DEC-2017",2017-12-19 08:35:41,"2017-12-19","8H 35M 41S","Unknown","2.16.0","Unknown","Unknown",610,260,450,464,390,466,471,420,388,500,406,625,641,525,400,2.62,2.7,3.14,4.54,4.73,2.9,4.84,2.46,2.24,4.33,3.22,3.9,5.22,5.63,5.48,81373.109375,113708.3125,9209.740234375,8431.4404296875,8565.6005859375,8047.2900390625,8035.2001953125,7887.330078125,8111.4599609375,8180.2802734375,8273.7451171875,8809,8341.5,7811,6927,NA,NA,NA,NA,NA,NA,NA,NA,NA,NA,NA,NA,NA,NA,NA,NA,NA,NA,NA,NA,NA,NA,NA,NA,NA,NA,NA,NA,NA,NA,NA,NA,NA,NA,NA,NA,NA,NA,NA,NA,NA,NA,NA,NA,NA,NA,NA,NA,NA,NA,NA,NA,NA,NA,NA,NA,NA,NA,NA,NA
"18-DEC-2017",2017-12-18 09:36:47,"2017-12-18","9H 36M 47S","Unknown","LSRII","1","Administrator",610,260,450,464,390,466,471,420,388,500,406,625,641,525,400,3.31,3.53,4.52,6.79,7.13,3.27,5.48,2.85,2.65,4.87,3.47,4.68,5.86,6.17,6.15,81931.1171875,115603.6484375,9280.259765625,8477.0205078125,8661.490234375,8133.7802734375,8073.330078125,7968.240234375,8211.900390625,8341.634765625,8336.5205078125,8913.25,8449,7839.5,7030.75,59.73,0,20.42,39.51,0.86,0.93,0.93,0.5,NA,NA,NA,NA,NA,NA,NA,NA,NA,NA,NA,NA,NA,NA,NA,NA,NA,NA,NA,NA,NA,NA,NA,NA,NA,NA,NA,NA,NA,NA,NA,NA,NA,NA,NA,NA,NA,NA,NA,NA,NA,NA,NA,NA,NA,NA,NA,NA,NA,NA,NA,NA
"15-DEC-2017",2017-12-15 14:49:25,"2017-12-15","14H 49M 25S","Unknown","2.16.0","Unknown","Unknown",610,260,450,464,390,466,471,420,388,500,406,625,641,525,400,1.59,2.57,3.69,5.49,5.56,2.42,4.77,2.44,1.86,3.93,3.06,4.16,5.15,5.95,5.31,82328.8203125,113592.9921875,9011.93994140625,8900.14013671875,9065.259765625,7900.81518554688,8059.84497070312,7857.57006835938,8154.23999023438,8242.125,8322.56982421875,8656.75,8150.5,8010,7222,NA,NA,NA,NA,NA,NA,NA,NA,NA,NA,NA,NA,NA,NA,NA,NA,NA,NA,NA,NA,NA,NA,NA,NA,NA,NA,NA,NA,NA,NA,NA,NA,NA,NA,NA,NA,NA,NA,NA,NA,NA,NA,NA,NA,NA,NA,NA,NA,NA,NA,NA,NA,NA,NA,NA,NA,NA,NA,NA,NA
"14-DEC-2017",2017-12-14 08:22:13,"2017-12-14","8H 22M 13S","Unknown","2.16.0","Unknown","Unknown",610,260,450,464,390,466,471,420,388,500,406,625,641,525,400,2.21,2.79,3.49,5.19,5.47,2.95,5.16,3.12,2.89,4.93,3.37,4.17,5.54,6.07,5.81,100265.5,116415.07421875,9525.3603515625,9501.2802734375,9877.1005859375,8050.080078125,8575.5302734375,7873.3798828125,8161.68017578125,8356.0498046875,8429.5205078125,8956,8459,8665.25,8068.75,NA,NA,NA,NA,NA,NA,NA,NA,NA,NA,NA,NA,NA,NA,NA,NA,NA,NA,NA,NA,NA,NA,NA,NA,NA,NA,NA,NA,NA,NA,NA,NA,NA,NA,NA,NA,NA,NA,NA,NA,NA,NA,NA,NA,NA,NA,NA,NA,NA,NA,NA,NA,NA,NA,NA,NA,NA,NA,NA,NA
"13-DEC-2017",2017-12-13 09:17:04,"2017-12-13","9H 17M 4S","Unknown","2.16.0","Unknown","Unknown",610,260,450,464,390,466,471,420,388,500,406,625,641,525,400,2.12,3.05,4.07,5.59,5.89,2.98,5.25,3.2,2.86,4.89,3.52,4.3,5.39,6.04,5.78,82551.859375,116127.2421875,9514.1796875,9369.7001953125,9747.240234375,8044.5,8699.2197265625,7924.5302734375,8184.93017578125,8376.509765625,8335.58984375,9130,8644.5,8783,8105,NA,NA,NA,NA,NA,NA,NA,NA,NA,NA,NA,NA,NA,NA,NA,NA,NA,NA,NA,NA,NA,NA,NA,NA,NA,NA,NA,NA,NA,NA,NA,NA,NA,NA,NA,NA,NA,NA,NA,NA,NA,NA,NA,NA,NA,NA,NA,NA,NA,NA,NA,NA,NA,NA,NA,NA,NA,NA,NA,NA
"12-DEC-2017",2017-12-12 09:02:27,"2017-12-12","9H 2M 27S","Unknown","2.16.0","Unknown","Unknown",610,260,450,464,390,466,471,420,388,500,406,625,641,525,400,2.18,2.68,3.9,5.83,6.07,2.79,5.23,2.6,2.21,4.61,3.26,4.14,5.45,5.98,5.78,81745.796875,115777.5625,9521.919921875,8901,9257.0400390625,8113.31982421875,8363.490234375,7905.93017578125,8178.419921875,8316.060546875,8365.349609375,9124.5,8657.5,8369,7625.5,NA,NA,NA,NA,NA,NA,NA,NA,NA,NA,NA,NA,NA,NA,NA,NA,NA,NA,NA,NA,NA,NA,NA,NA,NA,NA,NA,NA,NA,NA,NA,NA,NA,NA,NA,NA,NA,NA,NA,NA,NA,NA,NA,NA,NA,NA,NA,NA,NA,NA,NA,NA,NA,NA,NA,NA,NA,NA,NA,NA
"11-DEC-2017",2017-12-11 09:04:43,"2017-12-11","9H 4M 43S","Unknown","2.16.0","Unknown","Unknown",610,260,450,464,390,466,471,420,388,500,406,625,641,525,400,3.26,4.82,4.31,5.97,6.35,3.93,5.73,4.11,3.79,5.1,3.51,4.05,5.18,5.99,5.93,84730.6015625,121966.7109375,10049.1005859375,9554.17041015625,10017.7104492188,8399.294921875,8796.8701171875,8239.7998046875,8492.759765625,8659.23046875,8553.2099609375,9348.75,8859.25,8693.5,8008.25,NA,NA,NA,NA,NA,NA,NA,NA,NA,NA,NA,NA,NA,NA,NA,NA,NA,NA,NA,NA,NA,NA,NA,NA,NA,NA,NA,NA,NA,NA,NA,NA,NA,NA,NA,NA,NA,NA,NA,NA,NA,NA,NA,NA,NA,NA,NA,NA,NA,NA,NA,NA,NA,NA,NA,NA,NA,NA,NA,NA
"08-DEC-2017",2017-12-08 09:21:08,"2017-12-08","9H 21M 8S","Unknown","2.16.0","Unknown","Unknown",610,260,450,464,390,466,471,420,388,500,406,625,641,525,400,2.21,2.56,2.99,4.25,4.29,2.61,4.8,2.8,2.42,4.52,3.23,4.04,5.22,5.61,5.56,80396.078125,112758.31640625,9420.4404296875,9005.060546875,9494.400390625,7933.830078125,8246.31005859375,7955.68505859375,8092.85986328125,8263.98046875,8159.81982421875,8746,8315.25,8125.5,7632,NA,NA,NA,NA,NA,NA,NA,NA,NA,NA,NA,NA,NA,NA,NA,NA,NA,NA,NA,NA,NA,NA,NA,NA,NA,NA,NA,NA,NA,NA,NA,NA,NA,NA,NA,NA,NA,NA,NA,NA,NA,NA,NA,NA,NA,NA,NA,NA,NA,NA,NA,NA,NA,NA,NA,NA,NA,NA,NA,NA
"07-DEC-2017",2017-12-07 11:54:39,"2017-12-07","11H 54M 39S","Unknown","2.16.0","Unknown","Unknown",610,260,450,464,390,466,471,420,388,500,406,625,641,525,400,1.68,2.36,3.24,4.69,5.04,2.65,5.23,2.33,2.09,4.06,3.19,3.92,5.04,5.37,5.35,81890.1171875,114053.34375,9496.98046875,9300.0400390625,9622.5400390625,7969.169921875,8415.5703125,8099.3701171875,8237.009765625,8414.6396484375,8476.0205078125,8815.5,8339,8501,7876.5,NA,NA,NA,NA,NA,NA,NA,NA,NA,NA,NA,NA,NA,NA,NA,NA,NA,NA,NA,NA,NA,NA,NA,NA,NA,NA,NA,NA,NA,NA,NA,NA,NA,NA,NA,NA,NA,NA,NA,NA,NA,NA,NA,NA,NA,NA,NA,NA,NA,NA,NA,NA,NA,NA,NA,NA,NA,NA,NA,NA
"06-DEC-2017",2017-12-06 09:59:22,"2017-12-06","9H 59M 22S","Unknown","2.16.0","Unknown","",610,260,450,464,390,466,471,420,388,500,406,625,641,525,400,3.29,5.4,4.65,7.89,8.5,3.96,6.81,6.66,6.6,8.2,5.14,4.84,6.34,7.34,8.32,81571.9609375,115552.5,9390.77001953125,7664.32006835938,7565.419921875,8131.455078125,7461.85498046875,8255.6103515625,8362.09521484375,8472.2998046875,8126.33984375,9039.5,8577.25,7020,5990,NA,NA,NA,NA,NA,NA,NA,NA,NA,NA,NA,NA,NA,NA,NA,NA,NA,NA,NA,NA,NA,NA,NA,NA,NA,NA,NA,NA,NA,NA,NA,NA,NA,NA,NA,NA,NA,NA,NA,NA,NA,NA,NA,NA,NA,NA,NA,NA,NA,NA,NA,NA,NA,NA,NA,NA,NA,NA,NA,NA
"05-DEC-2017",2017-12-05 08:32:43,"2017-12-05","8H 32M 43S","Unknown","2.16.0","Unknown","Unknown",610,260,450,464,390,466,471,420,388,500,406,625,641,525,400,4.46,5.91,5.67,7.88,8.77,4.42,6.48,5.33,5.02,6.51,4.03,4.51,5.99,6.65,7.42,87810.9296875,123656.98828125,9668.98046875,7928.34008789062,7937.80029296875,8725.259765625,8081.23510742188,8562.509765625,8674.1103515625,8851.740234375,8443.4697265625,9439.75,8875.75,7450.75,6366.5,NA,NA,NA,NA,NA,NA,NA,NA,NA,NA,NA,NA,NA,NA,NA,NA,NA,NA,NA,NA,NA,NA,NA,NA,NA,NA,NA,NA,NA,NA,NA,NA,NA,NA,NA,NA,NA,NA,NA,NA,NA,NA,NA,NA,NA,NA,NA,NA,NA,NA,NA,NA,NA,NA,NA,NA,NA,NA,NA,NA
"04-DEC-2017",2017-12-04 10:14:56,"2017-12-04","10H 14M 56S","Unknown","2.16.0","Unknown","Unknown",610,260,450,464,390,466,471,420,388,500,406,625,641,525,400,2.1,3.07,5.5,7.02,8.06,3.29,5.14,2.77,2.52,4.74,3.67,3.92,5.43,6.02,6.28,82855.26171875,117162.79296875,9209.31005859375,7632.07006835938,7596.81005859375,8247.705078125,7723.65014648438,8168.18994140625,8329.544921875,8513.22021484375,8312.80517578125,9000,8491.75,7157.5,6176,NA,NA,NA,NA,NA,NA,NA,NA,NA,NA,NA,NA,NA,NA,NA,NA,NA,NA,NA,NA,NA,NA,NA,NA,NA,NA,NA,NA,NA,NA,NA,NA,NA,NA,NA,NA,NA,NA,NA,NA,NA,NA,NA,NA,NA,NA,NA,NA,NA,NA,NA,NA,NA,NA,NA,NA,NA,NA,NA,NA
"01-DEC-2017",2017-12-01 10:52:18,"2017-12-01","10H 52M 18S","Unknown","2.16.0","Unknown","Unknown",610,260,450,464,390,466,471,420,388,500,406,625,641,525,400,1.98,3.28,3.38,5.43,5.96,2.92,5.44,4.32,3.94,5.84,3.67,4.39,5.64,6.44,6.73,83393.1796875,116353.69921875,9432.48046875,8174.30029296875,8145.92016601562,8199.810546875,7795.26000976562,8105.4150390625,8280.7197265625,8391.3896484375,8262.1201171875,9004,8479.5,7421,6371.75,NA,NA,NA,NA,NA,NA,NA,NA,NA,NA,NA,NA,NA,NA,NA,NA,NA,NA,NA,NA,NA,NA,NA,NA,NA,NA,NA,NA,NA,NA,NA,NA,NA,NA,NA,NA,NA,NA,NA,NA,NA,NA,NA,NA,NA,NA,NA,NA,NA,NA,NA,NA,NA,NA,NA,NA,NA,NA,NA,NA
"30-NOV-2017",2017-11-30 08:16:36,"2017-11-30","8H 16M 36S","Unknown","2.16.0","Unknown","Unknown",610,260,450,464,390,466,471,420,388,500,406,625,641,525,400,3.11,5.06,4.88,7.43,7.66,3.8,6.47,4.02,3.39,5.83,4.27,4.86,6.48,7.16,7.39,85488.28125,120013.54296875,10150.7998046875,8599.7998046875,8598.47998046875,8392.240234375,8116.240234375,8448.5849609375,8601.10498046875,8890.3349609375,8695.96533203125,9654.75,9151,7963.5,6704,NA,NA,NA,NA,NA,NA,NA,NA,NA,NA,NA,NA,NA,NA,NA,NA,NA,NA,NA,NA,NA,NA,NA,NA,NA,NA,NA,NA,NA,NA,NA,NA,NA,NA,NA,NA,NA,NA,NA,NA,NA,NA,NA,NA,NA,NA,NA,NA,NA,NA,NA,NA,NA,NA,NA,NA,NA,NA,NA,NA
"29-NOV-2017",2017-11-29 09:08:28,"2017-11-29","9H 8M 28S","Unknown","2.16.0","Unknown","Unknown",610,260,450,464,390,466,471,420,388,500,406,625,641,525,400,2.46,4.17,4.11,6.68,6.73,3.32,5.75,4.15,3.4,5.61,4.14,4.52,5.38,6.93,6.77,85963.47265625,119594.0234375,10150.3598632812,8845.759765625,8976,8356.8203125,8165.46020507812,8384.8798828125,8523.4501953125,8827.09521484375,8566.23046875,9580.5,9060.5,8085.25,7141,NA,NA,NA,NA,NA,NA,NA,NA,NA,NA,NA,NA,NA,NA,NA,NA,NA,NA,NA,NA,NA,NA,NA,NA,NA,NA,NA,NA,NA,NA,NA,NA,NA,NA,NA,NA,NA,NA,NA,NA,NA,NA,NA,NA,NA,NA,NA,NA,NA,NA,NA,NA,NA,NA,NA,NA,NA,NA,NA,NA
"22-NOV-2017",2017-11-22 13:34:08,"2017-11-22","13H 34M 8S","Unknown","2.16.0","Unknown","Unknown",610,260,450,464,390,466,471,420,388,500,406,625,641,525,400,1.68,2.55,2.96,4.04,4.47,2.79,5.15,4.47,3.92,5.84,3.86,4.03,5.28,5.55,5.37,83770.3828125,116134.359375,9655.3603515625,9595.51953125,10039.0400390625,8107.9599609375,8444.6796875,8046.35986328125,8225.849609375,8266.7705078125,8179.35009765625,9055,8584,8595,8105.5,NA,NA,NA,NA,NA,NA,NA,NA,NA,NA,NA,NA,NA,NA,NA,NA,NA,NA,NA,NA,NA,NA,NA,NA,NA,NA,NA,NA,NA,NA,NA,NA,NA,NA,NA,NA,NA,NA,NA,NA,NA,NA,NA,NA,NA,NA,NA,NA,NA,NA,NA,NA,NA,NA,NA,NA,NA,NA,NA,NA
"17-NOV-2017",2017-11-17 09:03:39,"2017-11-17","9H 3M 39S","Unknown","2.16.0","Unknown","Unknown",610,260,450,464,390,466,471,420,388,500,406,625,641,525,400,3.73,5.22,6.86,8.14,8.3,3.56,5.35,12.44,12.27,12.44,6.59,3.9,5.12,5.84,6.39,101539.6015625,116188.8046875,7640.40014648438,6886,7088.80029296875,8532.16015625,8491.2099609375,6540.98999023438,6638.75,6772.69995117188,7580.16015625,9808.330078125,9266.88037109375,8772.9599609375,7809.6201171875,NA,NA,NA,NA,NA,NA,NA,NA,NA,NA,NA,NA,NA,NA,NA,NA,NA,NA,NA,NA,NA,NA,NA,NA,NA,NA,NA,NA,NA,NA,NA,NA,NA,NA,NA,NA,NA,NA,NA,NA,NA,NA,NA,NA,NA,NA,NA,NA,NA,NA,NA,NA,NA,NA,NA,NA,NA,NA,NA,NA
"16-NOV-2017",2017-11-16 11:33:53,"2017-11-16","11H 33M 53S","Unknown","2.16.0","Unknown","Unknown",610,260,450,464,390,466,471,420,388,500,406,625,641,525,400,2.53,4,4.6,6.19,6.01,3.22,5.61,7.76,7.36,8.88,5.09,4.03,5.48,5.91,5.61,102602.3984375,117693.9453125,8742.400390625,8505.6005859375,8815.2001953125,8496.669921875,8850.66015625,7743.72021484375,7801.06005859375,7925.14013671875,8098.10009765625,9395.259765625,8910.16015625,9016.98046875,8502.48046875,NA,NA,NA,NA,NA,NA,NA,NA,NA,NA,NA,NA,NA,NA,NA,NA,NA,NA,NA,NA,NA,NA,NA,NA,NA,NA,NA,NA,NA,NA,NA,NA,NA,NA,NA,NA,NA,NA,NA,NA,NA,NA,NA,NA,NA,NA,NA,NA,NA,NA,NA,NA,NA,NA,NA,NA,NA,NA,NA,NA
"15-NOV-2017",2017-11-15 08:08:03,"2017-11-15","8H 8M 3S","Unknown","2.16.0","Unknown","Unknown",610,260,450,464,390,466,471,420,388,500,406,625,641,525,400,3.11,4.1,6.69,8.27,8.59,3.41,5.53,11.51,11.35,11.8,6.45,4.17,5.34,5.82,5.99,103380.8046875,118816.8828125,7504.80029296875,7145.60009765625,7249.60009765625,8654.1005859375,8814.2607421875,7046.23974609375,7118.6201171875,7285.93994140625,7825.5,9590.2802734375,9026.7802734375,8950.33984375,8237.8798828125,NA,NA,NA,NA,NA,NA,NA,NA,NA,NA,NA,NA,NA,NA,NA,NA,NA,NA,NA,NA,NA,NA,NA,NA,NA,NA,NA,NA,NA,NA,NA,NA,NA,NA,NA,NA,NA,NA,NA,NA,NA,NA,NA,NA,NA,NA,NA,NA,NA,NA,NA,NA,NA,NA,NA,NA,NA,NA,NA,NA
"13-NOV-2017",2017-11-13 08:48:17,"2017-11-13","8H 48M 17S","Unknown","LSRII","1","Administrator",610,260,450,464,390,466,471,420,388,500,406,625,641,525,400,4.25,4.94,9.89,10.82,11.16,4.19,6.15,18.38,18.17,18.2,9.41,4.26,5.45,5.95,7.15,102704.3984375,119448.42578125,7929.60009765625,7523.2001953125,7681.60009765625,8686.8603515625,8928.0107421875,7071.14990234375,7144.46997070312,7345.63012695312,8053.44995117188,9587.09521484375,9063.775390625,9127.47509765625,8518.8955078125,63.43,0,21.34,43.61,0.8,0.91,0.94,0.49,NA,NA,NA,NA,NA,NA,NA,NA,NA,NA,NA,NA,NA,NA,NA,NA,NA,NA,NA,NA,NA,NA,NA,NA,NA,NA,NA,NA,NA,NA,NA,NA,NA,NA,NA,NA,NA,NA,NA,NA,NA,NA,NA,NA,NA,NA,NA,NA,NA,NA,NA,NA
"10-NOV-2017",2017-11-10 08:40:12,"2017-11-10","8H 40M 12S","Unknown","2.16.0","Unknown","Unknown",610,260,450,464,390,466,471,420,388,500,406,625,641,525,400,2.94,3.72,6.99,8.7,9.13,3.18,5.48,10.59,10.5,10.99,5.82,4.07,5.21,6,6.53,104340.00390625,118214.91796875,7996.80029296875,7305.60009765625,7273.60009765625,8781.5,8784.685546875,7748.88989257812,7737.61010742188,7942.53002929688,8232.0498046875,9722.8251953125,9194.8505859375,8800.89013671875,7947.80029296875,NA,NA,NA,NA,NA,NA,NA,NA,NA,NA,NA,NA,NA,NA,NA,NA,NA,NA,NA,NA,NA,NA,NA,NA,NA,NA,NA,NA,NA,NA,NA,NA,NA,NA,NA,NA,NA,NA,NA,NA,NA,NA,NA,NA,NA,NA,NA,NA,NA,NA,NA,NA,NA,NA,NA,NA,NA,NA,NA,NA
"09-NOV-2017",2017-11-09 09:15:21,"2017-11-09","9H 15M 21S","Unknown","2.16.0","Unknown","Unknown",610,260,450,464,390,466,471,420,388,500,406,625,641,525,400,4.56,6.84,11.3,12.42,13.95,6.1,7.6,21.57,22.09,20.27,8.84,7.29,8.09,11.95,17.67,100121.6015625,116648.80859375,7164,6125.2001953125,5623.19995117188,8446.6201171875,8527.1552734375,7008.64013671875,7004.8798828125,7237.06005859375,7731.03002929688,9132.6201171875,8537.02490234375,7930.89526367188,6345.98999023438,NA,NA,NA,NA,NA,NA,NA,NA,NA,NA,NA,NA,NA,NA,NA,NA,NA,NA,NA,NA,NA,NA,NA,NA,NA,NA,NA,NA,NA,NA,NA,NA,NA,NA,NA,NA,NA,NA,NA,NA,NA,NA,NA,NA,NA,NA,NA,NA,NA,NA,NA,NA,NA,NA,NA,NA,NA,NA,NA,NA
"08-NOV-2017",2017-11-08 09:09:37,"2017-11-08","9H 9M 37S","Unknown","2.16.0","Unknown","Unknown",610,260,450,464,390,466,471,420,388,500,406,625,641,525,400,2.72,3.63,6.47,8.19,8.59,3,5.31,10.92,10.88,11.01,5.7,4.11,5.32,5.93,6.59,103388.8046875,117904.15625,8007.2001953125,7344.80029296875,7388,8804.25,8913.4501953125,7516.23974609375,7582.0400390625,7784.14013671875,8070.83984375,9673.08984375,9163.490234375,8832.740234375,8041.39013671875,NA,NA,NA,NA,NA,NA,NA,NA,NA,NA,NA,NA,NA,NA,NA,NA,NA,NA,NA,NA,NA,NA,NA,NA,NA,NA,NA,NA,NA,NA,NA,NA,NA,NA,NA,NA,NA,NA,NA,NA,NA,NA,NA,NA,NA,NA,NA,NA,NA,NA,NA,NA,NA,NA,NA,NA,NA,NA,NA,NA
"07-NOV-2017",2017-11-07 09:04:50,"2017-11-07","9H 4M 50S","Unknown","2.16.0","Unknown","Unknown",610,260,450,464,390,466,471,420,388,500,406,625,641,525,400,2.87,3.89,7,8.71,8.98,3.18,5.54,8.34,8.19,9.02,5.07,4.23,5.36,6.07,6.37,104296.40234375,118961.1171875,7975.60009765625,7299.2001953125,7424,8852.48046875,8889.3349609375,8359.419921875,8426.16015625,8632.9599609375,8417.7001953125,9660.59521484375,9141.4404296875,8752.62548828125,8037.71508789062,NA,NA,NA,NA,NA,NA,NA,NA,NA,NA,NA,NA,NA,NA,NA,NA,NA,NA,NA,NA,NA,NA,NA,NA,NA,NA,NA,NA,NA,NA,NA,NA,NA,NA,NA,NA,NA,NA,NA,NA,NA,NA,NA,NA,NA,NA,NA,NA,NA,NA,NA,NA,NA,NA,NA,NA,NA,NA,NA,NA
"06-NOV-2017",2017-11-06 08:16:57,"2017-11-06","8H 16M 57S","Unknown","2.16.0","Unknown","Unknown",610,260,450,464,390,466,471,420,388,500,406,625,641,525,400,3.35,4.36,4.91,6.66,7.11,3.82,5.86,3.71,3.42,5.2,3.65,4.48,5.38,6.31,6.77,102960.8046875,120009.890625,9007.2001953125,8481.6005859375,8571.2001953125,8758.75,9077.25,9249.599609375,9368.9794921875,9588,8945.0400390625,9525.1103515625,9060.1005859375,8995.91015625,8289.8203125,NA,NA,NA,NA,NA,NA,NA,NA,NA,NA,NA,NA,NA,NA,NA,NA,NA,NA,NA,NA,NA,NA,NA,NA,NA,NA,NA,NA,NA,NA,NA,NA,NA,NA,NA,NA,NA,NA,NA,NA,NA,NA,NA,NA,NA,NA,NA,NA,NA,NA,NA,NA,NA,NA,NA,NA,NA,NA,NA,NA
"03-NOV-2017",2017-11-03 09:08:32,"2017-11-03","9H 8M 32S","Unknown","2.16.0","Unknown","Unknown",610,260,450,464,390,466,471,420,388,500,406,625,641,525,400,3.49,4.09,5.44,7.42,7.51,3.55,5.8,3.77,3.52,5.29,3.64,4.22,5.55,6.13,6.57,102319.203125,118579.828125,8564.7998046875,8434.400390625,8720.39990234375,8579.48046875,9096.3603515625,9086.0400390625,9107.65966796875,9186.6201171875,8695,9432.2548828125,8932.7001953125,9155.650390625,8556.625,NA,NA,NA,NA,NA,NA,NA,NA,NA,NA,NA,NA,NA,NA,NA,NA,NA,NA,NA,NA,NA,NA,NA,NA,NA,NA,NA,NA,NA,NA,NA,NA,NA,NA,NA,NA,NA,NA,NA,NA,NA,NA,NA,NA,NA,NA,NA,NA,NA,NA,NA,NA,NA,NA,NA,NA,NA,NA,NA,NA
"02-NOV-2017",2017-11-02 09:16:58,"2017-11-02","9H 16M 58S","Unknown","2.16.0","Unknown","Unknown",610,260,450,464,390,466,471,420,388,500,406,625,641,525,400,3.42,4.64,7.9,8.51,8.28,3.78,5.57,5.78,5.54,6.62,4.04,4.02,5.36,6.36,8.67,101660.80078125,117424.5859375,7688.80004882812,7348.80029296875,7386.39990234375,8523.060546875,8956.220703125,8588.7802734375,8691.7099609375,8820.01953125,8444.9599609375,9361.6953125,8761.93505859375,8888.84521484375,8307.21484375,NA,NA,NA,NA,NA,NA,NA,NA,NA,NA,NA,NA,NA,NA,NA,NA,NA,NA,NA,NA,NA,NA,NA,NA,NA,NA,NA,NA,NA,NA,NA,NA,NA,NA,NA,NA,NA,NA,NA,NA,NA,NA,NA,NA,NA,NA,NA,NA,NA,NA,NA,NA,NA,NA,NA,NA,NA,NA,NA,NA
"01-NOV-2017",2017-11-01 10:11:32,"2017-11-01","10H 11M 32S","Unknown","2.16.0","Unknown","Unknown",610,260,450,464,390,466,471,420,388,500,406,625,641,525,400,16.87,18.79,8.74,11.88,12.73,5.55,8.14,19,17.61,17.94,9.4,7.56,9.93,9.89,11.49,105751.203125,130858.00390625,8978.400390625,7385.60009765625,7205.60009765625,8983.0654296875,8286.4599609375,8009.73999023438,7967.90991210938,8205.259765625,8092.4599609375,9724.05029296875,9246.79052734375,7661.39501953125,6731.86499023438,NA,NA,NA,NA,NA,NA,NA,NA,NA,NA,NA,NA,NA,NA,NA,NA,NA,NA,NA,NA,NA,NA,NA,NA,NA,NA,NA,NA,NA,NA,NA,NA,NA,NA,NA,NA,NA,NA,NA,NA,NA,NA,NA,NA,NA,NA,NA,NA,NA,NA,NA,NA,NA,NA,NA,NA,NA,NA,NA,NA
"31-OCT-2017",2017-10-31 09:46:46,"2017-10-31","9H 46M 46S","Unknown","2.16.0","Unknown","Unknown",610,260,450,464,390,466,471,420,388,500,406,625,641,525,400,8.2,8.43,6.08,8.4,8.91,3.81,6.46,10.98,10.89,11.55,6.24,4.89,6.8,7.42,7.97,104061.19921875,121474.99609375,8912,7453.60009765625,7275.60009765625,8930.740234375,8252.3349609375,8087.28979492188,8078.35986328125,8228.759765625,8127.7099609375,9509.919921875,9028.4951171875,7612.64038085938,6759.30517578125,NA,NA,NA,NA,NA,NA,NA,NA,NA,NA,NA,NA,NA,NA,NA,NA,NA,NA,NA,NA,NA,NA,NA,NA,NA,NA,NA,NA,NA,NA,NA,NA,NA,NA,NA,NA,NA,NA,NA,NA,NA,NA,NA,NA,NA,NA,NA,NA,NA,NA,NA,NA,NA,NA,NA,NA,NA,NA,NA,NA
"30-OCT-2017",2017-10-30 08:47:49,"2017-10-30","8H 47M 49S","Unknown","2.16.0","Unknown","Unknown",610,260,450,464,390,466,471,420,388,500,406,625,641,525,400,12.03,16.31,7.65,9.54,10.95,5.67,8.35,12.85,11.86,12.3,7.45,6.85,8.22,8.65,10.04,104052.8046875,128991.59375,9432,7918.39990234375,7700.80029296875,9018.1005859375,8656.830078125,8893.33984375,8906.5,9110.4794921875,8626.3798828125,9930.830078125,9483.4599609375,8328.5302734375,7300.51025390625,NA,NA,NA,NA,NA,NA,NA,NA,NA,NA,NA,NA,NA,NA,NA,NA,NA,NA,NA,NA,NA,NA,NA,NA,NA,NA,NA,NA,NA,NA,NA,NA,NA,NA,NA,NA,NA,NA,NA,NA,NA,NA,NA,NA,NA,NA,NA,NA,NA,NA,NA,NA,NA,NA,NA,NA,NA,NA,NA,NA
"27-OCT-2017",2017-10-27 14:04:33,"2017-10-27","14H 4M 33S","Unknown","LSRII","1","Administrator",610,260,450,464,390,466,471,420,388,500,406,625,641,525,400,2.54,3.14,5.7,7.45,7.2,2.72,5.48,10.44,10.48,10.88,6.09,3.79,6.01,6.01,5.52,106915.203125,118342.7734375,8900,8770.400390625,8892.7998046875,8736,9202.830078125,7886.60009765625,8006.919921875,8250.3798828125,8266.3603515625,9271.2900390625,8759.73046875,8963.080078125,8428,63.43,0,21.34,42.6,0.8,0.91,0.94,0.49,NA,NA,NA,NA,NA,NA,NA,NA,NA,NA,NA,NA,NA,NA,NA,NA,NA,NA,NA,NA,NA,NA,NA,NA,NA,NA,NA,NA,NA,NA,NA,NA,NA,NA,NA,NA,NA,NA,NA,NA,NA,NA,NA,NA,NA,NA,NA,NA,NA,NA,NA,NA
"26-OCT-2017",2017-10-26 08:11:32,"2017-10-26","8H 11M 32S","Unknown","2.16.0","Unknown","Unknown",610,260,450,464,390,466,471,420,388,500,406,625,641,525,400,3.89,4.78,4.71,7.03,7.39,3.37,5.86,12.21,11.84,12.37,6.58,4.34,5.79,6.27,7.19,104600,120112.7265625,9350.400390625,7924.80029296875,7828.80029296875,8962.58984375,8611.330078125,7293.4599609375,7448.56005859375,7649.72021484375,7966.5,9773.5400390625,9304.1201171875,8300.6005859375,7379.39990234375,NA,NA,NA,NA,NA,NA,NA,NA,NA,NA,NA,NA,NA,NA,NA,NA,NA,NA,NA,NA,NA,NA,NA,NA,NA,NA,NA,NA,NA,NA,NA,NA,NA,NA,NA,NA,NA,NA,NA,NA,NA,NA,NA,NA,NA,NA,NA,NA,NA,NA,NA,NA,NA,NA,NA,NA,NA,NA,NA,NA
"25-OCT-2017",2017-10-25 08:45:07,"2017-10-25","8H 45M 7S","Unknown","2.16.0","Unknown","Unknown",610,260,450,464,390,466,471,420,388,500,406,625,641,525,400,3.03,3.91,4.18,6.63,7.03,3.22,5.72,6.89,6.67,7.49,4.53,4.45,5.58,6.47,7.83,104589.6015625,121447.23828125,9298.00048828125,7959.2001953125,7828.00024414062,8937.1103515625,8595.4052734375,8683.25,8823.7802734375,8978.41015625,8565.2802734375,9628.2548828125,9145.8505859375,8189.3701171875,7270.37524414062,NA,NA,NA,NA,NA,NA,NA,NA,NA,NA,NA,NA,NA,NA,NA,NA,NA,NA,NA,NA,NA,NA,NA,NA,NA,NA,NA,NA,NA,NA,NA,NA,NA,NA,NA,NA,NA,NA,NA,NA,NA,NA,NA,NA,NA,NA,NA,NA,NA,NA,NA,NA,NA,NA,NA,NA,NA,NA,NA,NA
"24-OCT-2017",2017-10-24 09:07:56,"2017-10-24","9H 7M 56S","Unknown","2.16.0","Unknown","Unknown",610,260,450,464,390,466,471,420,388,500,406,625,641,525,400,3.13,3.83,5.07,7.53,7.75,3.17,5.67,3.64,3.36,5.24,3.4,3.99,5.28,6.32,7.08,104172,119327.84765625,8766.00048828125,7533.2001953125,7500.80029296875,8840.650390625,8469.8251953125,9306,9445.58984375,9598.33984375,8686.5400390625,9504.28515625,9004.73046875,7973.77001953125,7112.59521484375,NA,NA,NA,NA,NA,NA,NA,NA,NA,NA,NA,NA,NA,NA,NA,NA,NA,NA,NA,NA,NA,NA,NA,NA,NA,NA,NA,NA,NA,NA,NA,NA,NA,NA,NA,NA,NA,NA,NA,NA,NA,NA,NA,NA,NA,NA,NA,NA,NA,NA,NA,NA,NA,NA,NA,NA,NA,NA,NA,NA
"23-OCT-2017",2017-10-23 12:05:14,"2017-10-23","12H 5M 14S","Unknown","2.16.0","Unknown","Unknown",610,260,450,464,390,466,471,420,388,500,406,625,641,525,400,1.95,2.8,4.15,6.25,7.39,3.14,5.3,2.8,2.42,4.89,3.27,4.35,5.83,6.37,7.06,105396.3984375,117827.71484375,8741.2001953125,7856,7691.19995117188,8924.3701171875,8608.14501953125,9260.41015625,9423.02978515625,9623.25,8765.02978515625,9246.79052734375,8732.2900390625,7996.55517578125,7147.875,NA,NA,NA,NA,NA,NA,NA,NA,NA,NA,NA,NA,NA,NA,NA,NA,NA,NA,NA,NA,NA,NA,NA,NA,NA,NA,NA,NA,NA,NA,NA,NA,NA,NA,NA,NA,NA,NA,NA,NA,NA,NA,NA,NA,NA,NA,NA,NA,NA,NA,NA,NA,NA,NA,NA,NA,NA,NA,NA,NA
"20-OCT-2017",2017-10-20 08:20:27,"2017-10-20","8H 20M 27S","Unknown","LSRII","1","Administrator",610,260,450,464,390,466,471,420,388,500,406,625,641,525,400,2.95,3.51,8.02,9.19,9.35,3.29,5.33,12.01,11.8,11.92,6.38,3.95,5.2,6.01,7.1,103692.3984375,118956.56640625,8322.400390625,7618.39990234375,7633.60009765625,8704.150390625,8714.16015625,8051.10009765625,8173.76977539062,8417.7001953125,8148.85986328125,9556.9599609375,9035.1103515625,8515.2197265625,7760.6201171875,63.43,0,21.34,43.61,0.8,0.91,0.94,0.49,NA,NA,NA,NA,NA,NA,NA,NA,NA,NA,NA,NA,NA,NA,NA,NA,NA,NA,NA,NA,NA,NA,NA,NA,NA,NA,NA,NA,NA,NA,NA,NA,NA,NA,NA,NA,NA,NA,NA,NA,NA,NA,NA,NA,NA,NA,NA,NA,NA,NA,NA,NA
"19-OCT-2017",2017-10-19 15:10:08,"2017-10-19","15H 10M 8S","Unknown","2.16.0","Unknown","Unknown",610,260,450,464,390,466,471,420,388,500,406,625,641,525,400,2.93,4.48,4.85,7.11,8.39,3.87,6.32,7.08,6.7,7.96,4.99,4.23,5.44,6.17,7.27,104176,119135.3828125,8701.6005859375,8238.400390625,8255.2001953125,8606.7802734375,8556.73046875,8637.66015625,8879.240234375,8967.599609375,8460.9404296875,9178.1904296875,8664.1796875,8170.26025390625,7503.8603515625,NA,NA,NA,NA,NA,NA,NA,NA,NA,NA,NA,NA,NA,NA,NA,NA,NA,NA,NA,NA,NA,NA,NA,NA,NA,NA,NA,NA,NA,NA,NA,NA,NA,NA,NA,NA,NA,NA,NA,NA,NA,NA,NA,NA,NA,NA,NA,NA,NA,NA,NA,NA,NA,NA,NA,NA,NA,NA,NA,NA
"19-OCT-2017",2017-10-19 08:55:19,"2017-10-19","8H 55M 19S","Unknown","2.16.0","Unknown","Unknown",610,260,450,464,390,466,471,420,388,500,406,625,641,525,400,2.68,3.45,5.99,7.96,8.34,3.06,5.51,9.54,9.42,10.01,5.67,4.18,5.49,6.03,6.58,103300.40234375,118436.046875,8124.80029296875,7711.60009765625,7867.60009765625,8654.1005859375,8986.25,7351.73974609375,7597.080078125,7823.6201171875,8092.92993164062,9599.8349609375,9068.67529296875,9086.560546875,8279.775390625,NA,NA,NA,NA,NA,NA,NA,NA,NA,NA,NA,NA,NA,NA,NA,NA,NA,NA,NA,NA,NA,NA,NA,NA,NA,NA,NA,NA,NA,NA,NA,NA,NA,NA,NA,NA,NA,NA,NA,NA,NA,NA,NA,NA,NA,NA,NA,NA,NA,NA,NA,NA,NA,NA,NA,NA,NA,NA,NA,NA
"18-OCT-2017",2017-10-18 09:27:30,"2017-10-18","9H 27M 30S","Unknown","2.16.0","Unknown","Unknown",610,260,450,464,390,466,471,420,388,500,406,625,641,525,400,2.69,3.59,6.83,8.75,9,3.1,5.52,11.62,11.42,11.56,6.46,4.2,5.2,6.11,6.87,104934,117779.02734375,8080,7682,7804.80004882812,8771.03515625,8952.580078125,7284.06005859375,7428.81982421875,7643.14013671875,7914.7998046875,9449.8955078125,8932.7001953125,8852.830078125,8349.1103515625,NA,NA,NA,NA,NA,NA,NA,NA,NA,NA,NA,NA,NA,NA,NA,NA,NA,NA,NA,NA,NA,NA,NA,NA,NA,NA,NA,NA,NA,NA,NA,NA,NA,NA,NA,NA,NA,NA,NA,NA,NA,NA,NA,NA,NA,NA,NA,NA,NA,NA,NA,NA,NA,NA,NA,NA,NA,NA,NA,NA
"17-OCT-2017",2017-10-17 09:29:32,"2017-10-17","9H 29M 32S","Unknown","2.16.0","Unknown","Unknown",610,260,450,464,390,466,471,420,388,500,406,625,641,525,400,2.74,3.91,9.84,12.31,12.73,3.49,6.17,17.91,18.07,17.55,8.66,4.18,5.69,7.76,10.22,104186.00390625,118832.80859375,8196.400390625,4871.2001953125,4226.80004882812,9170.525390625,7006.54516601562,7640.7900390625,7905.8701171875,8041.22998046875,7863.10009765625,9890.650390625,9340.8701171875,5874.85522460938,4364.919921875,NA,NA,NA,NA,NA,NA,NA,NA,NA,NA,NA,NA,NA,NA,NA,NA,NA,NA,NA,NA,NA,NA,NA,NA,NA,NA,NA,NA,NA,NA,NA,NA,NA,NA,NA,NA,NA,NA,NA,NA,NA,NA,NA,NA,NA,NA,NA,NA,NA,NA,NA,NA,NA,NA,NA,NA,NA,NA,NA,NA
"16-OCT-2017",2017-10-16 08:43:48,"2017-10-16","8H 43M 48S","Unknown","2.16.0","Unknown","Unknown",610,260,450,464,390,466,471,420,388,500,406,625,641,525,400,3.39,4.44,5.35,8.97,10.46,3.6,6.1,6.19,5.62,7.13,4.49,4.29,5.45,7.66,9.69,103507.203125,119882.4921875,9173.6005859375,5378.80004882812,4684.80029296875,9247.419921875,7058.8701171875,9689.0498046875,9799.02978515625,9880.81005859375,8692.64990234375,9824.5,9345.2802734375,5821.2001953125,4349.240234375,NA,NA,NA,NA,NA,NA,NA,NA,NA,NA,NA,NA,NA,NA,NA,NA,NA,NA,NA,NA,NA,NA,NA,NA,NA,NA,NA,NA,NA,NA,NA,NA,NA,NA,NA,NA,NA,NA,NA,NA,NA,NA,NA,NA,NA,NA,NA,NA,NA,NA,NA,NA,NA,NA,NA,NA,NA,NA,NA,NA
"13-OCT-2017",2017-10-13 09:27:56,"2017-10-13","9H 27M 56S","Unknown","2.16.0","Unknown","Unknown",610,260,450,464,390,466,471,420,388,500,406,625,641,525,400,3.79,4.45,7.51,10.8,12.48,4.21,6.94,3.69,3.37,5.76,4.14,4.34,5.83,9.07,12.99,103261.19921875,120197.80859375,8525.2001953125,4925.60009765625,4144.80029296875,9139.1298828125,6906.4453125,9752.02978515625,9731.8203125,9945.669921875,8704.400390625,9651.0400390625,9084.1103515625,5641.61499023438,4040.5400390625,NA,NA,NA,NA,NA,NA,NA,NA,NA,NA,NA,NA,NA,NA,NA,NA,NA,NA,NA,NA,NA,NA,NA,NA,NA,NA,NA,NA,NA,NA,NA,NA,NA,NA,NA,NA,NA,NA,NA,NA,NA,NA,NA,NA,NA,NA,NA,NA,NA,NA,NA,NA,NA,NA,NA,NA,NA,NA,NA,NA
"12-OCT-2017",2017-10-12 08:27:23,"2017-10-12","8H 27M 23S","Unknown","2.16.0","Unknown","Unknown",610,260,450,464,390,466,471,420,388,500,406,625,641,525,400,2.78,4.02,6.15,8.89,10.45,3.18,5.95,4.91,4.69,6.07,3.92,4.43,5.6,7.74,9.77,104972.40234375,119353.328125,8347.60009765625,4931.2001953125,4357.19995117188,9211.0205078125,7042.03515625,9602.10009765625,9607.740234375,9771.2998046875,8663.9794921875,9809.80029296875,9257.5703125,5844.47509765625,4415.14501953125,NA,NA,NA,NA,NA,NA,NA,NA,NA,NA,NA,NA,NA,NA,NA,NA,NA,NA,NA,NA,NA,NA,NA,NA,NA,NA,NA,NA,NA,NA,NA,NA,NA,NA,NA,NA,NA,NA,NA,NA,NA,NA,NA,NA,NA,NA,NA,NA,NA,NA,NA,NA,NA,NA,NA,NA,NA,NA,NA,NA
"11-OCT-2017",2017-10-11 09:27:48,"2017-10-11","9H 27M 48S","Unknown","2.16.0","Unknown","Unknown",610,260,450,464,390,466,471,420,388,500,406,625,641,525,400,2.65,3.43,4.74,8.25,9.52,3.14,5.68,4.67,4.36,5.74,3.63,4.16,5.34,7.44,9.41,105500,119405.65625,8984,5276,4672.80029296875,9275.6298828125,7031.5703125,9796.6796875,9777.8798828125,9951.7802734375,8710.9794921875,9741.6904296875,9226.7001953125,5721.240234375,4376.18994140625,NA,NA,NA,NA,NA,NA,NA,NA,NA,NA,NA,NA,NA,NA,NA,NA,NA,NA,NA,NA,NA,NA,NA,NA,NA,NA,NA,NA,NA,NA,NA,NA,NA,NA,NA,NA,NA,NA,NA,NA,NA,NA,NA,NA,NA,NA,NA,NA,NA,NA,NA,NA,NA,NA,NA,NA,NA,NA,NA,NA
"10-OCT-2017",2017-10-10 08:57:18,"2017-10-10","8H 57M 18S","Unknown","2.16.0","Unknown","Unknown",610,260,450,464,390,466,471,420,388,500,406,625,641,525,400,2.82,4.19,4.58,6.5,6.47,3.37,5.69,4.33,4.21,5.75,4.01,4.37,5.62,6.37,7.07,105250,120565.44921875,9377.2001953125,8992.39990234375,9207.2001953125,8893.4306640625,9388.470703125,9632.1796875,9585.64990234375,9919.8203125,9135.8603515625,9609.88037109375,9160.060546875,9369.044921875,8951.5654296875,NA,NA,NA,NA,NA,NA,NA,NA,NA,NA,NA,NA,NA,NA,NA,NA,NA,NA,NA,NA,NA,NA,NA,NA,NA,NA,NA,NA,NA,NA,NA,NA,NA,NA,NA,NA,NA,NA,NA,NA,NA,NA,NA,NA,NA,NA,NA,NA,NA,NA,NA,NA,NA,NA,NA,NA,NA,NA,NA,NA
"09-OCT-2017",2017-10-09 09:07:02,"2017-10-09","9H 7M 2S","Unknown","2.16.0","Unknown","Unknown",610,260,450,464,390,466,471,420,388,500,406,625,641,525,400,2.5,3.74,5.05,7.07,7,3.3,5.57,3.49,3.24,5.11,3.61,4.44,5.63,6.4,7.03,105788.40234375,121428.12890625,9391.2001953125,9037.6005859375,9169.6005859375,8987.16015625,9489.025390625,9795.740234375,9728.0595703125,10004.419921875,9226.099609375,9582.1953125,9117.67529296875,9403.1005859375,8897.42041015625,NA,NA,NA,NA,NA,NA,NA,NA,NA,NA,NA,NA,NA,NA,NA,NA,NA,NA,NA,NA,NA,NA,NA,NA,NA,NA,NA,NA,NA,NA,NA,NA,NA,NA,NA,NA,NA,NA,NA,NA,NA,NA,NA,NA,NA,NA,NA,NA,NA,NA,NA,NA,NA,NA,NA,NA,NA,NA,NA,NA
"06-OCT-2017",2017-10-06 10:23:04,"2017-10-06","10H 23M 4S","Unknown","2.16.0","Unknown","Unknown",610,260,450,464,390,466,471,420,388,500,406,625,641,525,400,1.68,2.88,5.05,7.25,7.3,2.83,5.45,3.08,2.79,4.74,3.4,4.11,5.56,6.3,6.52,107702.3984375,119476.6328125,8787.2001953125,8438.400390625,8529.6005859375,8861.580078125,9012.640625,9498.7001953125,9540.0595703125,9673.5400390625,8904.6201171875,9341.3603515625,8833.7197265625,8693.580078125,8127.63037109375,NA,NA,NA,NA,NA,NA,NA,NA,NA,NA,NA,NA,NA,NA,NA,NA,NA,NA,NA,NA,NA,NA,NA,NA,NA,NA,NA,NA,NA,NA,NA,NA,NA,NA,NA,NA,NA,NA,NA,NA,NA,NA,NA,NA,NA,NA,NA,NA,NA,NA,NA,NA,NA,NA,NA,NA,NA,NA,NA,NA
"05-OCT-2017",2017-10-05 09:33:11,"2017-10-05","9H 33M 11S","Unknown","2.16.0","Unknown","Unknown",610,260,450,464,390,466,471,420,388,500,406,625,641,525,400,2.32,3.28,5.24,7.28,7.36,2.96,5.43,4.62,4.38,5.65,3.82,4.31,5.48,6.2,6.76,105964,120789.765625,9038.400390625,8844.7998046875,9140.7998046875,8887.970703125,9336.6005859375,9300.3603515625,9269.33984375,9467.6796875,8858.5595703125,9538.33984375,9062.060546875,9263.4501953125,8903.2998046875,NA,NA,NA,NA,NA,NA,NA,NA,NA,NA,NA,NA,NA,NA,NA,NA,NA,NA,NA,NA,NA,NA,NA,NA,NA,NA,NA,NA,NA,NA,NA,NA,NA,NA,NA,NA,NA,NA,NA,NA,NA,NA,NA,NA,NA,NA,NA,NA,NA,NA,NA,NA,NA,NA,NA,NA,NA,NA,NA,NA
"04-OCT-2017",2017-10-04 11:16:51,"2017-10-04","11H 16M 51S","Unknown","2.16.0","Unknown","Unknown",610,260,450,464,390,466,471,420,388,500,406,625,641,525,400,2.87,3.72,7.18,9.05,9.42,3.29,5.51,5.93,5.82,6.81,4.16,4.1,5.37,6.02,6.63,107345.6015625,123297.7265625,8056,7807.2001953125,8098.39990234375,8988.98046875,9554.08984375,9040.919921875,9050.3203125,9352.0595703125,8638.599609375,9845.5703125,9315.8798828125,9508.4501953125,9055.6904296875,NA,NA,NA,NA,NA,NA,NA,NA,NA,NA,NA,NA,NA,NA,NA,NA,NA,NA,NA,NA,NA,NA,NA,NA,NA,NA,NA,NA,NA,NA,NA,NA,NA,NA,NA,NA,NA,NA,NA,NA,NA,NA,NA,NA,NA,NA,NA,NA,NA,NA,NA,NA,NA,NA,NA,NA,NA,NA,NA,NA
"03-OCT-2017",2017-10-03 09:04:22,"2017-10-03","9H 4M 22S","Unknown","2.16.0","Unknown","Unknown",610,260,450,464,390,466,471,420,388,500,406,625,641,525,400,2.93,3.67,7.12,8.75,8.98,3.13,5.54,7.72,7.68,8.52,4.79,4.08,5.32,6.18,7.3,104980,120824.34375,7879.2001953125,7117.60009765625,7228.80029296875,8923.4599609375,8916.1806640625,8489.1396484375,8491.9599609375,8779.599609375,8490.080078125,9602.0400390625,9117.919921875,8656.830078125,8021.30029296875,NA,NA,NA,NA,NA,NA,NA,NA,NA,NA,NA,NA,NA,NA,NA,NA,NA,NA,NA,NA,NA,NA,NA,NA,NA,NA,NA,NA,NA,NA,NA,NA,NA,NA,NA,NA,NA,NA,NA,NA,NA,NA,NA,NA,NA,NA,NA,NA,NA,NA,NA,NA,NA,NA,NA,NA,NA,NA,NA,NA
"02-OCT-2017",2017-10-02 11:03:55,"2017-10-02","11H 3M 55S","Unknown","2.16.0","Unknown","",610,260,450,464,390,466,471,420,388,500,406,625,641,525,400,1.68,2.83,5.2,7.45,7.68,2.74,5.27,6.8,6.55,7.55,4.59,4.12,5.57,6.07,6.45,106702.80078125,118501.11328125,8629.6005859375,8123.2001953125,8202.80029296875,8901.6201171875,8857.0302734375,8468.93017578125,8558.7001953125,8736.3603515625,8466.580078125,9274.23046875,8758.259765625,8467.6904296875,7910.80517578125,NA,NA,NA,NA,NA,NA,NA,NA,NA,NA,NA,NA,NA,NA,NA,NA,NA,NA,NA,NA,NA,NA,NA,NA,NA,NA,NA,NA,NA,NA,NA,NA,NA,NA,NA,NA,NA,NA,NA,NA,NA,NA,NA,NA,NA,NA,NA,NA,NA,NA,NA,NA,NA,NA,NA,NA,NA,NA,NA,NA
"29-SEP-2017",2017-09-29 09:01:51,"2017-09-29","9H 1M 51S","Unknown","2.16.0","Unknown","Unknown",610,260,450,464,390,466,471,420,388,500,406,625,641,525,400,2.99,5.02,4.83,6.58,6.73,3.75,5.66,8.09,7.95,8.63,4.7,4.43,5.29,6.31,7.12,107677.6015625,122077.4140625,9180,7086.39990234375,6869.60009765625,9219.2099609375,8171.80029296875,8334.0400390625,8365.0595703125,8660.2197265625,8296.4404296875,10324.7900390625,9727.9697265625,7639.10009765625,6456.240234375,NA,NA,NA,NA,NA,NA,NA,NA,NA,NA,NA,NA,NA,NA,NA,NA,NA,NA,NA,NA,NA,NA,NA,NA,NA,NA,NA,NA,NA,NA,NA,NA,NA,NA,NA,NA,NA,NA,NA,NA,NA,NA,NA,NA,NA,NA,NA,NA,NA,NA,NA,NA,NA,NA,NA,NA,NA,NA,NA,NA
"28-SEP-2017",2017-09-28 08:22:51,"2017-09-28","8H 22M 51S","Unknown","2.16.0","Unknown","Unknown",610,260,450,464,390,466,471,420,388,500,406,625,641,525,400,3.85,6.39,4.7,6.77,7.13,4.88,6.69,5.78,5.42,6.58,4.36,4.06,5.15,6.57,7.16,107628.8046875,124258.6796875,9370.400390625,7480,7203.2001953125,9230.1298828125,8450.259765625,9723.3603515625,9719.599609375,10060.8203125,9109.5400390625,9796.080078125,9315.8798828125,7813.5400390625,6713.490234375,NA,NA,NA,NA,NA,NA,NA,NA,NA,NA,NA,NA,NA,NA,NA,NA,NA,NA,NA,NA,NA,NA,NA,NA,NA,NA,NA,NA,NA,NA,NA,NA,NA,NA,NA,NA,NA,NA,NA,NA,NA,NA,NA,NA,NA,NA,NA,NA,NA,NA,NA,NA,NA,NA,NA,NA,NA,NA,NA,NA
"27-SEP-2017",2017-09-27 09:53:58,"2017-09-27","9H 53M 58S","Unknown","2.16.0","Unknown","Unknown",610,260,450,464,390,466,471,420,388,500,406,625,641,525,400,1.8,2.93,3.95,5.7,6.36,2.64,5.23,2.7,2.23,4.43,3.31,4.42,5.7,6.41,6.93,107225.6015625,118406.01953125,8912,7168.00024414062,6886.80004882812,9049.9501953125,8170.89013671875,9812.66015625,9802.3203125,10060.3500976562,9010.83984375,9408,8903.05517578125,7410.76025390625,6428.06518554688,NA,NA,NA,NA,NA,NA,NA,NA,NA,NA,NA,NA,NA,NA,NA,NA,NA,NA,NA,NA,NA,NA,NA,NA,NA,NA,NA,NA,NA,NA,NA,NA,NA,NA,NA,NA,NA,NA,NA,NA,NA,NA,NA,NA,NA,NA,NA,NA,NA,NA,NA,NA,NA,NA,NA,NA,NA,NA,NA,NA
"26-SEP-2017",2017-09-26 09:13:21,"2017-09-26","9H 13M 21S","Unknown","2.16.0","Unknown","Unknown",610,260,450,464,390,466,471,420,388,500,406,625,641,525,400,2.37,3.04,5.18,7.01,7.01,2.99,5.46,3.11,2.8,4.7,3.39,4.17,5.45,5.89,6.06,106112.40234375,117160.6796875,8744,8719.60009765625,8979.60009765625,8802.4306640625,9202.830078125,9550.400390625,9533.94970703125,9752.5,9056.900390625,9275.455078125,8778.10498046875,8972.88037109375,8685.0048828125,NA,NA,NA,NA,NA,NA,NA,NA,NA,NA,NA,NA,NA,NA,NA,NA,NA,NA,NA,NA,NA,NA,NA,NA,NA,NA,NA,NA,NA,NA,NA,NA,NA,NA,NA,NA,NA,NA,NA,NA,NA,NA,NA,NA,NA,NA,NA,NA,NA,NA,NA,NA,NA,NA,NA,NA,NA,NA,NA,NA
"25-SEP-2017",2017-09-25 11:10:19,"2017-09-25","11H 10M 19S","Unknown","LSRII","1","Administrator",610,260,450,464,390,466,471,420,388,500,406,625,641,525,400,1.83,2.86,4.44,6.77,7.51,2.85,5.54,2.51,2.2,4.49,3.23,4.43,5.51,6.54,6.95,107005.6015625,119087.15625,8820,7303.2001953125,7016,9126.390625,8209.1103515625,9864.3603515625,9948.01953125,10122.8603515625,8965.7197265625,9273.740234375,8774.919921875,7362.25,6472.89990234375,63.43,0,21.34,43.61,0.8,0.91,0.94,0.49,NA,NA,NA,NA,NA,NA,NA,NA,NA,NA,NA,NA,NA,NA,NA,NA,NA,NA,NA,NA,NA,NA,NA,NA,NA,NA,NA,NA,NA,NA,NA,NA,NA,NA,NA,NA,NA,NA,NA,NA,NA,NA,NA,NA,NA,NA,NA,NA,NA,NA,NA,NA
"22-SEP-2017",2017-09-22 08:59:20,"2017-09-22","8H 59M 20S","Unknown","2.16.0","Unknown","Unknown",610,260,450,464,390,466,471,420,388,500,406,625,641,525,400,2.18,2.88,4.77,6.48,6.7,2.83,5.13,3.73,3.43,5.11,3.5,4.02,5.19,5.95,6.3,105617.6015625,119854.28125,8855.2001953125,8746.00048828125,8997.6005859375,8908.900390625,9209.6552734375,9424.4404296875,9520.3203125,9699.39013671875,8791.8203125,9423.6806640625,8940.5400390625,9012.080078125,8712.68994140625,NA,NA,NA,NA,NA,NA,NA,NA,NA,NA,NA,NA,NA,NA,NA,NA,NA,NA,NA,NA,NA,NA,NA,NA,NA,NA,NA,NA,NA,NA,NA,NA,NA,NA,NA,NA,NA,NA,NA,NA,NA,NA,NA,NA,NA,NA,NA,NA,NA,NA,NA,NA,NA,NA,NA,NA,NA,NA,NA,NA
"21-SEP-2017",2017-09-21 10:01:25,"2017-09-21","10H 1M 25S","Unknown","2.16.0","Unknown","Unknown",610,260,450,464,390,466,471,420,388,500,406,625,641,525,400,2.14,3.3,3.93,6.1,6.29,2.73,5.3,3.75,3.24,4.77,3.14,3.92,4.61,6.03,6.57,107070.80078125,123677.19140625,9062.80029296875,7538.39990234375,7352.40014648438,9131.8505859375,8360.625,9622.31005859375,9643.4599609375,9772.240234375,8883.47021484375,9669.169921875,9215.43017578125,7934.57006835938,6945.9951171875,NA,NA,NA,NA,NA,NA,NA,NA,NA,NA,NA,NA,NA,NA,NA,NA,NA,NA,NA,NA,NA,NA,NA,NA,NA,NA,NA,NA,NA,NA,NA,NA,NA,NA,NA,NA,NA,NA,NA,NA,NA,NA,NA,NA,NA,NA,NA,NA,NA,NA,NA,NA,NA,NA,NA,NA,NA,NA,NA,NA
"20-SEP-2017",2017-09-20 09:56:43,"2017-09-20","9H 56M 43S","Unknown","2.16.0","Unknown","Unknown",610,260,450,464,390,466,471,420,388,500,406,625,641,525,400,2.72,4.48,5.49,7.64,8.09,3.59,6.2,6.91,5.85,6.83,4.79,3.95,6.34,7.55,7.66,104276.8046875,120129.10546875,9100.80029296875,7727.2001953125,7555.19995117188,8990.34521484375,8423.8701171875,9458.27978515625,9398.1201171875,9623.25,8962.900390625,9682.6455078125,9259.5302734375,8093.08520507812,7167.23022460938,NA,NA,NA,NA,NA,NA,NA,NA,NA,NA,NA,NA,NA,NA,NA,NA,NA,NA,NA,NA,NA,NA,NA,NA,NA,NA,NA,NA,NA,NA,NA,NA,NA,NA,NA,NA,NA,NA,NA,NA,NA,NA,NA,NA,NA,NA,NA,NA,NA,NA,NA,NA,NA,NA,NA,NA,NA,NA,NA,NA
"18-SEP-2017",2017-09-18 12:20:19,"2017-09-18","12H 20M 19S","Unknown","2.16.0","Unknown","Unknown",610,260,450,464,390,466,471,420,388,500,406,625,641,525,400,1.93,2.88,5.14,7.37,7.55,2.59,4.72,3.73,3.69,4.94,3.34,4.33,4.85,6.14,6.82,107425.203125,120783.84765625,8819.2001953125,7791.2001953125,7592,9178.26025390625,8608.60009765625,9655.6796875,9775.52978515625,9991.72998046875,9119.88037109375,9630.21484375,9074.55517578125,8115.38012695312,7392.38525390625,NA,NA,NA,NA,NA,NA,NA,NA,NA,NA,NA,NA,NA,NA,NA,NA,NA,NA,NA,NA,NA,NA,NA,NA,NA,NA,NA,NA,NA,NA,NA,NA,NA,NA,NA,NA,NA,NA,NA,NA,NA,NA,NA,NA,NA,NA,NA,NA,NA,NA,NA,NA,NA,NA,NA,NA,NA,NA,NA,NA
"13-SEP-2017",2017-09-13 09:09:38,"2017-09-13","9H 9M 38S","Unknown","2.16.0","Unknown","Unknown",610,260,450,464,390,466,471,420,388,500,406,625,641,525,400,3.06,4.34,4.91,7.21,7.58,3.3,5.61,5.25,4.86,6.74,4.16,4.28,5.36,6.72,6.76,106821.1796875,120516.765625,9112,7736,7450.39990234375,9088.169921875,8579.48046875,9850,9787,10031,9220,9734.33984375,9226.7001953125,8150.66015625,7154.97998046875,NA,NA,NA,NA,NA,NA,NA,NA,NA,NA,NA,NA,NA,NA,NA,NA,NA,NA,NA,NA,NA,NA,NA,NA,NA,NA,NA,NA,NA,NA,NA,NA,NA,NA,NA,NA,NA,NA,NA,NA,NA,NA,NA,NA,NA,NA,NA,NA,NA,NA,NA,NA,NA,NA,NA,NA,NA,NA,NA,NA
"12-SEP-2017",2017-09-12 09:56:24,"2017-09-12","9H 56M 24S","Unknown","2.16.0","Unknown","Unknown",610,260,450,464,390,466,471,420,388,500,406,625,641,525,400,3.18,3.77,5.41,7.3,7.5,3.35,5.18,7.08,7,7.74,4.57,4,5.17,5.77,6.14,105982.42578125,118048.83984375,9136,8758.80029296875,9016.400390625,8827,9192.8203125,9318.5,9147.5,9344,8881,9661.5751953125,9119.8798828125,9217.8798828125,8885.169921875,NA,NA,NA,NA,NA,NA,NA,NA,NA,NA,NA,NA,NA,NA,NA,NA,NA,NA,NA,NA,NA,NA,NA,NA,NA,NA,NA,NA,NA,NA,NA,NA,NA,NA,NA,NA,NA,NA,NA,NA,NA,NA,NA,NA,NA,NA,NA,NA,NA,NA,NA,NA,NA,NA,NA,NA,NA,NA,NA,NA
"11-SEP-2017",2017-09-11 10:10:40,"2017-09-11","10H 10M 40S","Unknown","2.16.0","Unknown","Unknown",610,260,450,464,390,466,471,420,388,500,406,625,641,525,400,3.36,4.87,7.87,9.82,9.69,3.77,5.77,10.53,10.24,11.07,6.23,4.39,5.26,6.18,7.15,107500.7734375,119602.2109375,9115.2001953125,8264.7998046875,8312.7998046875,9059.9599609375,8959.8603515625,9508,9336,9526,9037,9623.6005859375,9091.4599609375,8633.7998046875,8181.5302734375,NA,NA,NA,NA,NA,NA,NA,NA,NA,NA,NA,NA,NA,NA,NA,NA,NA,NA,NA,NA,NA,NA,NA,NA,NA,NA,NA,NA,NA,NA,NA,NA,NA,NA,NA,NA,NA,NA,NA,NA,NA,NA,NA,NA,NA,NA,NA,NA,NA,NA,NA,NA,NA,NA,NA,NA,NA,NA,NA,NA
"08-SEP-2017",2017-09-08 09:23:43,"2017-09-08","9H 23M 43S","Unknown","2.16.0","Unknown","Unknown",610,260,450,464,390,466,471,420,388,500,406,625,641,525,400,3.27,3.91,6.41,8,8.33,3.5,5.45,11.28,11.11,11.8,6.26,4.07,5.35,5.74,7.05,106465.18359375,120191.89453125,9264.39990234375,8449.2001953125,8605.2001953125,8945.2998046875,8956.220703125,9358.5,9174,9319.5,8835,9807.84033203125,9246.7900390625,8847.1953125,8358.91015625,NA,NA,NA,NA,NA,NA,NA,NA,NA,NA,NA,NA,NA,NA,NA,NA,NA,NA,NA,NA,NA,NA,NA,NA,NA,NA,NA,NA,NA,NA,NA,NA,NA,NA,NA,NA,NA,NA,NA,NA,NA,NA,NA,NA,NA,NA,NA,NA,NA,NA,NA,NA,NA,NA,NA,NA,NA,NA,NA,NA
"07-SEP-2017",2017-09-07 09:08:58,"2017-09-07","9H 8M 58S","Unknown","LSRII","1","Administrator",610,260,450,464,390,466,471,420,388,500,406,625,641,525,400,3.21,4.52,4.85,6.41,7.97,4.04,6.17,4.38,4.1,5.8,3.87,4.45,5.9,6.45,8.94,105824.8828125,119966.2109375,9521.6005859375,8920,8854.400390625,8891.6103515625,9051.7705078125,10359,10225,10434,9530,9574.6005859375,9027.759765625,8931.7197265625,8402.5205078125,64.02,0,21.05,43.6,0.8,0.91,1,0.49,NA,NA,NA,NA,NA,NA,NA,NA,NA,NA,NA,NA,NA,NA,NA,NA,NA,NA,NA,NA,NA,NA,NA,NA,NA,NA,NA,NA,NA,NA,NA,NA,NA,NA,NA,NA,NA,NA,NA,NA,NA,NA,NA,NA,NA,NA,NA,NA,NA,NA,NA,NA
"06-SEP-2017",2017-09-06 10:16:52,"2017-09-06","10H 16M 52S","Unknown","2.16.0","Unknown","Unknown",610,260,450,464,390,466,471,420,388,500,406,625,641,525,400,2.51,3.31,5.2,7.25,7.3,2.94,5.09,4.17,3.9,5.3,3.65,4.04,5.22,5.96,6.23,106570.890625,119273.703125,9016,8590.400390625,8644,8963.5,9006.2705078125,10268,10085,10299,9389,9458.4697265625,8912.6103515625,8780.310546875,8379,NA,NA,NA,NA,NA,NA,NA,NA,NA,NA,NA,NA,NA,NA,NA,NA,NA,NA,NA,NA,NA,NA,NA,NA,NA,NA,NA,NA,NA,NA,NA,NA,NA,NA,NA,NA,NA,NA,NA,NA,NA,NA,NA,NA,NA,NA,NA,NA,NA,NA,NA,NA,NA,NA,NA,NA,NA,NA,NA,NA
"05-SEP-2017",2017-09-05 10:02:31,"2017-09-05","10H 2M 31S","Unknown","2.16.0","Unknown","Unknown",610,260,450,464,390,466,471,420,388,500,406,625,641,525,400,2.98,3.95,3.92,6.08,6.41,3.47,5.59,3.87,3.63,5.24,3.78,4.31,5.77,6.32,6.45,107571.2421875,120774.296875,9776.7998046875,9361.6005859375,9571.2001953125,9065.419921875,9385.740234375,10393,10264,10496,9529,9795.58984375,9314.41015625,9430.5400390625,9066.4697265625,NA,NA,NA,NA,NA,NA,NA,NA,NA,NA,NA,NA,NA,NA,NA,NA,NA,NA,NA,NA,NA,NA,NA,NA,NA,NA,NA,NA,NA,NA,NA,NA,NA,NA,NA,NA,NA,NA,NA,NA,NA,NA,NA,NA,NA,NA,NA,NA,NA,NA,NA,NA,NA,NA,NA,NA,NA,NA,NA,NA
"01-SEP-2017",2017-09-01 12:16:06,"2017-09-01","12H 16M 6S","Unknown","2.16.0","Unknown","Unknown",610,260,450,464,390,466,471,420,388,500,406,625,641,525,400,1.85,3.39,5.49,9.07,9.23,3.23,6.79,6.15,5.81,6.64,4.37,4.11,6.04,7.7,9.77,108849.82421875,119639.5234375,8818.400390625,5524.40014648438,4647.2001953125,9287.0048828125,6944.21020507812,10090,10110,10100,9063.5,9642.46484375,9099.0556640625,5653.86499023438,4246.830078125,NA,NA,NA,NA,NA,NA,NA,NA,NA,NA,NA,NA,NA,NA,NA,NA,NA,NA,NA,NA,NA,NA,NA,NA,NA,NA,NA,NA,NA,NA,NA,NA,NA,NA,NA,NA,NA,NA,NA,NA,NA,NA,NA,NA,NA,NA,NA,NA,NA,NA,NA,NA,NA,NA,NA,NA,NA,NA,NA,NA
"31-JUL-2017",2017-07-31 11:00:24,"2017-07-31","11H 0M 24S","Unknown","LSRII","1","Administrator",NA,610,260,450,464,390,466,471,420,388,500,406,625,641,525,2.18,2.54,4.55,6.54,6.67,2.87,5.31,4.84,4.53,6.04,3.7,3.62,4.84,5.61,6.75,107214.43359375,117627.96875,9858.740234375,9325.8798828125,9456.6044921875,8897.0703125,9237.865234375,9319.6298828125,9150.900390625,9321.509765625,8636.25,9693.75,9204,9350.25,9136.5,62.53,0,21.29,42.5,0.83,0.91,0.94,0.5,NA,NA,NA,NA,NA,NA,NA,NA,NA,NA,NA,NA,NA,NA,NA,NA,NA,NA,NA,NA,NA,NA,NA,NA,NA,NA,NA,NA,NA,NA,NA,NA,NA,NA,NA,NA,NA,NA,NA,NA,NA,NA,NA,NA,NA,NA,NA,NA,NA,NA,NA,400
"28-JUL-2017",2017-07-28 10:44:13,"2017-07-28","10H 44M 13S","Unknown","LSRII","1","Administrator",NA,610,260,450,464,390,466,471,420,388,500,406,625,641,525,4.23,5.33,4.85,7.31,7.18,3.1,5.48,3.36,2.98,4.93,3.65,4.4,5.68,6.46,6.66,109652.1328125,120199.171875,9684.439453125,8754.83984375,8602.9501953125,9127.2998046875,8815.169921875,9914.1796875,9787.2802734375,9980.919921875,9052.2001953125,9755.5,9213,8570.5,7943,62.53,0,21.29,42.5,0.83,0.91,0.94,0.5,NA,NA,NA,NA,NA,NA,NA,NA,NA,NA,NA,NA,NA,NA,NA,NA,NA,NA,NA,NA,NA,NA,NA,NA,NA,NA,NA,NA,NA,NA,NA,NA,NA,NA,NA,NA,NA,NA,NA,NA,NA,NA,NA,NA,NA,NA,NA,NA,NA,NA,NA,400
"27-JUL-2017",2017-07-27 09:48:36,"2017-07-27","9H 48M 36S","Unknown","LSRII","1","Administrator",NA,610,260,450,464,390,466,471,420,388,500,406,625,641,525,3.39,4.16,4.17,6.47,6.64,3.14,5.8,4.92,4.57,6.03,3.91,4.03,5.32,6.09,6.27,107908.203125,120512.2109375,9820.5595703125,8690.9296875,8652.75,9030.83984375,8717.7998046875,9383.080078125,9340.7802734375,9620.900390625,8883,9990.5,9471.5,8722.5,8076,62.53,0,21.29,42.5,0.83,0.91,0.94,0.5,NA,NA,NA,NA,NA,NA,NA,NA,NA,NA,NA,NA,NA,NA,NA,NA,NA,NA,NA,NA,NA,NA,NA,NA,NA,NA,NA,NA,NA,NA,NA,NA,NA,NA,NA,NA,NA,NA,NA,NA,NA,NA,NA,NA,NA,NA,NA,NA,NA,NA,NA,400
"26-JUL-2017",2017-07-26 09:58:48,"2017-07-26","9H 58M 48S","Unknown","LSRII","1","Administrator",NA,610,260,450,464,390,466,471,420,388,500,406,625,641,525,3.48,4.29,5.18,7.02,7.21,3.44,5.48,5.17,4.96,6.01,3.73,4.17,5.63,6.04,6.17,107504.4140625,120325.20703125,9305.544921875,8236.919921875,8282.1552734375,9025.3798828125,8855.6650390625,9221.400390625,9175.33984375,9442.2998046875,8881.1201171875,10094.25,9524.5,8931.75,8245.5,62.53,0,21.29,42.5,0.83,0.91,0.94,0.5,NA,NA,NA,NA,NA,NA,NA,NA,NA,NA,NA,NA,NA,NA,NA,NA,NA,NA,NA,NA,NA,NA,NA,NA,NA,NA,NA,NA,NA,NA,NA,NA,NA,NA,NA,NA,NA,NA,NA,NA,NA,NA,NA,NA,NA,NA,NA,NA,NA,NA,NA,400
"25-JUL-2017",2017-07-25 09:58:01,"2017-07-25","9H 58M 1S","Unknown","LSRII","1","Administrator",NA,610,260,450,464,390,466,471,420,388,500,406,625,641,525,3.15,4.13,4.39,6.28,6.65,3.37,5.58,4.88,4.63,5.89,3.72,4.2,5.27,5.92,6.32,108145.53125,120720.60546875,9919.330078125,8797.169921875,8861.080078125,9128.2099609375,8929.830078125,9547.580078125,9407.98974609375,9528.7802734375,8867.9599609375,10072.5,9555,8891.5,8261.25,62.53,0,21.29,42.5,0.83,0.91,0.94,0.5,NA,NA,NA,NA,NA,NA,NA,NA,NA,NA,NA,NA,NA,NA,NA,NA,NA,NA,NA,NA,NA,NA,NA,NA,NA,NA,NA,NA,NA,NA,NA,NA,NA,NA,NA,NA,NA,NA,NA,NA,NA,NA,NA,NA,NA,NA,NA,NA,NA,NA,NA,400
"24-JUL-2017",2017-07-24 10:45:30,"2017-07-24","10H 45M 30S","Unknown","LSRII","1","Administrator",NA,610,260,450,464,390,466,471,420,388,500,406,625,641,525,4.72,5.79,4.73,6.68,6.87,4.72,6.07,3.02,2.65,4.94,3.44,4.09,5.12,6.42,6.43,107695.171875,120756.09375,10066.240234375,8837.4248046875,8893.03515625,9160.060546875,8985.33984375,9557.919921875,9454.0498046875,9641.10986328125,8844.93017578125,10035.5,9549.5,8916.25,8322.75,62.53,0,21.29,42.5,0.83,0.91,0.94,0.5,NA,NA,NA,NA,NA,NA,NA,NA,NA,NA,NA,NA,NA,NA,NA,NA,NA,NA,NA,NA,NA,NA,NA,NA,NA,NA,NA,NA,NA,NA,NA,NA,NA,NA,NA,NA,NA,NA,NA,NA,NA,NA,NA,NA,NA,NA,NA,NA,NA,NA,NA,400
"21-JUL-2017",2017-07-21 11:14:31,"2017-07-21","11H 14M 31S","Unknown","LSRII","1","Administrator",NA,610,260,450,464,390,466,471,420,388,500,406,625,641,525,1.71,3.92,5.68,6.87,5.98,3.65,7.11,3.24,2.18,5.14,4.76,4.32,7.55,6.97,7.19,112173.25390625,123436.95703125,9847.11962890625,9620.11474609375,9704.77490234375,9170.525390625,9267.8955078125,10126.6201171875,9895.3798828125,10178.7900390625,9350.1796875,9820.75,9307.5,9291.25,8830.5,62.5,0,21.29,42.5,0.83,0.91,0.94,0.5,NA,NA,NA,NA,NA,NA,NA,NA,NA,NA,NA,NA,NA,NA,NA,NA,NA,NA,NA,NA,NA,NA,NA,NA,NA,NA,NA,NA,NA,NA,NA,NA,NA,NA,NA,NA,NA,NA,NA,NA,NA,NA,NA,NA,NA,NA,NA,NA,NA,NA,NA,400
"20-JUL-2017",2017-07-20 09:53:52,"2017-07-20","9H 53M 52S","Unknown","LSRII","1","Administrator",NA,610,260,450,464,390,466,471,420,388,500,406,625,641,525,2.56,3.51,4.06,5.76,5.73,3.19,5.29,4.55,4.07,5.6,3.64,4.16,5.25,5.63,5.98,107695.171875,119215.4609375,10100.26953125,9095.9697265625,9188.9296875,8976.240234375,9002.6298828125,9546.6396484375,9412.2197265625,9657.5595703125,8929.0595703125,9939.5,9440.5,9105.5,8595,62.53,0,21.29,42.5,0.83,0.91,0.94,0.5,NA,NA,NA,NA,NA,NA,NA,NA,NA,NA,NA,NA,NA,NA,NA,NA,NA,NA,NA,NA,NA,NA,NA,NA,NA,NA,NA,NA,NA,NA,NA,NA,NA,NA,NA,NA,NA,NA,NA,NA,NA,NA,NA,NA,NA,NA,NA,NA,NA,NA,NA,400
"18-JUL-2017",2017-07-18 09:57:53,"2017-07-18","9H 57M 53S","Unknown","LSRII","1","Administrator",NA,610,260,450,464,390,466,471,420,388,500,406,625,641,525,2.92,3.58,4.54,6.36,6.6,3.22,5.46,3.93,3.71,5.39,3.52,4.01,5.2,6.06,6.47,108975.78125,120242.8515625,9866.2099609375,9113.3994140625,9285.2099609375,9089.080078125,9044.490234375,9713.9599609375,9545.7001953125,9693.2802734375,8900.8603515625,9915.5,9363.5,9044,8736.5,62.53,0,21.29,42.5,0.83,0.91,0.94,0.5,NA,NA,NA,NA,NA,NA,NA,NA,NA,NA,NA,NA,NA,NA,NA,NA,NA,NA,NA,NA,NA,NA,NA,NA,NA,NA,NA,NA,NA,NA,NA,NA,NA,NA,NA,NA,NA,NA,NA,NA,NA,NA,NA,NA,NA,NA,NA,NA,NA,NA,NA,400
"17-JUL-2017",2017-07-17 10:20:55,"2017-07-17","10H 20M 55S","Unknown","LSRII","1","Administrator",NA,610,260,450,464,390,466,471,420,388,500,406,625,641,525,2.94,3.87,4.78,7.16,7.17,3.07,5.55,4.64,4.51,5.5,3.76,4.25,5.57,6.13,6.56,106903.796875,119693.2109375,9954.189453125,9605.58984375,9700.2099609375,9019.919921875,9451.2607421875,9513.740234375,9363.33984375,9675.419921875,9008.01953125,9774.5,9270,9617,9341,62.53,0,21.29,42.5,0.83,0.91,0.94,0.5,NA,NA,NA,NA,NA,NA,NA,NA,NA,NA,NA,NA,NA,NA,NA,NA,NA,NA,NA,NA,NA,NA,NA,NA,NA,NA,NA,NA,NA,NA,NA,NA,NA,NA,NA,NA,NA,NA,NA,NA,NA,NA,NA,NA,NA,NA,NA,NA,NA,NA,NA,400
"14-JUL-2017",2017-07-14 09:57:46,"2017-07-14","9H 57M 46S","Unknown","LSRII","1","Administrator",NA,610,260,450,464,390,466,471,420,388,500,406,625,641,525,2.34,3.13,3.67,5.34,5.53,2.96,5.09,3.72,3.38,5.11,3.41,4.23,5.31,5.77,6.27,108542.4296875,120382.9921875,10257.1396484375,9801.4697265625,9967.4697265625,9075.4306640625,9409.400390625,9743.099609375,9612.4404296875,9872.8203125,9066.2998046875,9838.5,9341,9539,9310.5,62.53,0,21.29,42.5,0.83,0.91,0.94,0.5,NA,NA,NA,NA,NA,NA,NA,NA,NA,NA,NA,NA,NA,NA,NA,NA,NA,NA,NA,NA,NA,NA,NA,NA,NA,NA,NA,NA,NA,NA,NA,NA,NA,NA,NA,NA,NA,NA,NA,NA,NA,NA,NA,NA,NA,NA,NA,NA,NA,NA,NA,400
"13-JUL-2017",2017-07-13 10:58:50,"2017-07-13","10H 58M 50S","Unknown","LSRII","1","Administrator",NA,610,260,450,464,390,466,471,420,388,500,406,625,641,525,1.99,2.93,3.52,5.47,5.69,2.96,5.39,2.56,2.22,4.34,3.16,4.23,5.29,5.87,6.08,110404.21484375,120509.02734375,10038.01953125,9811.4296875,9893.599609375,9056.775390625,9459.4501953125,10008.1796875,9785.400390625,10023.6899414062,9003.3203125,9627.5,9073,9207.75,9119.75,62.53,0,21.29,42.5,0.83,0.91,0.94,0.5,NA,NA,NA,NA,NA,NA,NA,NA,NA,NA,NA,NA,NA,NA,NA,NA,NA,NA,NA,NA,NA,NA,NA,NA,NA,NA,NA,NA,NA,NA,NA,NA,NA,NA,NA,NA,NA,NA,NA,NA,NA,NA,NA,NA,NA,NA,NA,NA,NA,NA,NA,400
"12-JUL-2017",2017-07-12 08:57:10,"2017-07-12","8H 57M 10S","Unknown","LSRII","1","Administrator",NA,610,260,450,464,390,466,471,420,388,500,406,625,641,525,2.23,2.97,3.42,5.08,5.16,2.75,5.06,3.58,3.29,4.92,3.52,4.26,5.27,5.82,6.22,108455.7578125,120789.765625,10348.439453125,9732.580078125,9904.3896484375,9124.5703125,9362.080078125,9738.400390625,9486.4794921875,9779.759765625,9056.900390625,9874,9384.5,9541,9443,62.53,0,21.29,42.5,0.83,0.91,0.94,0.5,NA,NA,NA,NA,NA,NA,NA,NA,NA,NA,NA,NA,NA,NA,NA,NA,NA,NA,NA,NA,NA,NA,NA,NA,NA,NA,NA,NA,NA,NA,NA,NA,NA,NA,NA,NA,NA,NA,NA,NA,NA,NA,NA,NA,NA,NA,NA,NA,NA,NA,NA,400
"11-JUL-2017",2017-07-11 09:36:19,"2017-07-11","9H 36M 19S","Unknown","LSRII","1","Administrator",NA,610,260,450,464,390,466,471,420,388,500,406,625,641,525,2.58,3.23,4.15,5.95,6.14,2.96,5.11,4.03,3.86,5.19,3.6,3.94,5.25,5.45,5.92,107885.5234375,121034.5546875,9939.25,9639.6201171875,9833.83984375,9073.6103515625,9340.240234375,9619.01953125,9483.66015625,9713.01953125,8977.9404296875,9751,9242,9442,9440.5,62.53,0,21.29,42.5,0.83,0.91,0.94,0.5,NA,NA,NA,NA,NA,NA,NA,NA,NA,NA,NA,NA,NA,NA,NA,NA,NA,NA,NA,NA,NA,NA,NA,NA,NA,NA,NA,NA,NA,NA,NA,NA,NA,NA,NA,NA,NA,NA,NA,NA,NA,NA,NA,NA,NA,NA,NA,NA,NA,NA,NA,400
"10-JUL-2017",2017-07-10 10:19:32,"2017-07-10","10H 19M 32S","Unknown","LSRII","1","Administrator",NA,610,260,450,464,390,466,471,420,388,500,406,625,641,525,2.72,3.41,3.68,5.57,5.72,3.03,5.3,5.16,4.98,6.11,3.93,3.99,5.33,5.87,6.25,108090.85546875,121346.68359375,10359.2294921875,9648.75,9813.919921875,9130.0302734375,9586.3955078125,9392.009765625,9187.5595703125,9416.44970703125,8649.8798828125,9877.75,9422.5,9540.75,9430.75,62.53,0,21.29,42.5,0.83,0.91,0.94,0.5,NA,NA,NA,NA,NA,NA,NA,NA,NA,NA,NA,NA,NA,NA,NA,NA,NA,NA,NA,NA,NA,NA,NA,NA,NA,NA,NA,NA,NA,NA,NA,NA,NA,NA,NA,NA,NA,NA,NA,NA,NA,NA,NA,NA,NA,NA,NA,NA,NA,NA,NA,400
"07-JUL-2017",2017-07-07 11:01:32,"2017-07-07","11H 1M 32S","Unknown","LSRII","1","Administrator",NA,610,260,450,464,390,466,471,420,388,500,406,625,641,525,3.04,4.35,5.04,6.69,6.78,3.41,5.65,3.71,3.5,5.26,3.74,4.3,5.46,6.04,6,109812.10546875,121148.3046875,9985.7294921875,9205.94482421875,9244.955078125,9217.390625,9213.75,9904.7802734375,9805.1396484375,9969.169921875,9075.7001953125,9960,9450.5,9116,8900.25,62.53,0,21.29,42.5,0.83,0.91,0.94,0.5,NA,NA,NA,NA,NA,NA,NA,NA,NA,NA,NA,NA,NA,NA,NA,NA,NA,NA,NA,NA,NA,NA,NA,NA,NA,NA,NA,NA,NA,NA,NA,NA,NA,NA,NA,NA,NA,NA,NA,NA,NA,NA,NA,NA,NA,NA,NA,NA,NA,NA,NA,400
"06-JUL-2017",2017-07-06 11:21:29,"2017-07-06","11H 21M 29S","Unknown","LSRII","1","Administrator",NA,610,260,450,464,390,466,471,420,388,500,406,625,641,525,1.81,3.01,3.86,5.89,5.85,2.68,5.07,2.62,2.34,4.48,3.07,4.19,5.61,5.82,6.18,109444.7734375,120745.171875,10043,9249.51953125,9303.4697265625,9218.2998046875,9159.150390625,9933.919921875,9771.2998046875,9947.080078125,8987.33984375,9777,9281,8947,8749.5,62.53,0,21.29,42.5,0.83,0.91,0.94,0.5,NA,NA,NA,NA,NA,NA,NA,NA,NA,NA,NA,NA,NA,NA,NA,NA,NA,NA,NA,NA,NA,NA,NA,NA,NA,NA,NA,NA,NA,NA,NA,NA,NA,NA,NA,NA,NA,NA,NA,NA,NA,NA,NA,NA,NA,NA,NA,NA,NA,NA,NA,400
"05-JUL-2017",2017-07-05 10:23:59,"2017-07-05","10H 23M 59S","Unknown","LSRII","1","Administrator",NA,610,260,450,464,390,466,471,420,388,500,406,625,641,525,2.42,3.94,4.43,6.53,7.7,3.02,5.54,3.66,3.55,4.91,4.04,4.53,5.03,6.39,7.86,108179.546875,120840.7265625,9804.7900390625,7862.58984375,7641.81005859375,9247.419921875,8475.740234375,9671.66015625,9591.759765625,9772.240234375,8793.7001953125,10096,9617,8104,7318.5,62.53,0,21.29,42.5,0.83,0.91,0.94,0.5,NA,NA,NA,NA,NA,NA,NA,NA,NA,NA,NA,NA,NA,NA,NA,NA,NA,NA,NA,NA,NA,NA,NA,NA,NA,NA,NA,NA,NA,NA,NA,NA,NA,NA,NA,NA,NA,NA,NA,NA,NA,NA,NA,NA,NA,NA,NA,NA,NA,NA,NA,400
"03-JUL-2017",2017-07-03 11:00:23,"2017-07-03","11H 0M 23S","Unknown","LSRII","1","Administrator",NA,610,260,450,464,390,466,471,420,388,500,406,625,641,525,3.26,4.05,5.19,7.17,7.05,3.38,6.17,4.37,3.84,5.59,3.72,4.11,5.35,6.6,7.54,106789.58984375,119873.390625,10137.6201171875,9342.4794921875,9405.5595703125,9049.0400390625,9144.13525390625,9655.2099609375,9546.169921875,9819.240234375,9009.900390625,9883.5,9401,9294.75,9008.25,62.53,0,21.29,42.5,0.83,0.91,0.94,0.5,NA,NA,NA,NA,NA,NA,NA,NA,NA,NA,NA,NA,NA,NA,NA,NA,NA,NA,NA,NA,NA,NA,NA,NA,NA,NA,NA,NA,NA,NA,NA,NA,NA,NA,NA,NA,NA,NA,NA,NA,NA,NA,NA,NA,NA,NA,NA,NA,NA,NA,NA,400
"30-JUN-2017",2017-06-30 09:13:24,"2017-06-30","9H 13M 24S","Unknown","LSRII","1","Administrator",NA,610,260,450,464,390,466,471,420,388,500,406,625,641,525,3.67,5.22,5.8,7.7,7.62,4.23,5.99,5.61,5.36,6.58,4.56,4.69,6.31,6.25,6.87,108541.6171875,120120.9140625,9842.9697265625,9273.58984375,9559.109375,9062.6904296875,9170.98046875,9462.9794921875,9368.0400390625,9591.759765625,8853.8603515625,9829.5,9319.5,9232,9118.5,62.53,0,21.29,42.5,0.83,0.91,0.94,0.5,NA,NA,NA,NA,NA,NA,NA,NA,NA,NA,NA,NA,NA,NA,NA,NA,NA,NA,NA,NA,NA,NA,NA,NA,NA,NA,NA,NA,NA,NA,NA,NA,NA,NA,NA,NA,NA,NA,NA,NA,NA,NA,NA,NA,NA,NA,NA,NA,NA,NA,NA,400
"29-JUN-2017",2017-06-29 10:54:21,"2017-06-29","10H 54M 21S","Unknown","LSRII","1","Administrator",NA,610,260,450,464,390,466,471,420,388,500,406,625,641,525,3.93,4.78,5.66,7.96,8.08,3.68,5.41,6.06,5.97,6.82,4.29,4.15,4.82,5.49,5.57,106180.0625,118597.1171875,9568.65478515625,9093.89453125,9391.4501953125,8897.98046875,9170.0703125,8837.88037109375,8782.89013671875,9047.5,8707.68994140625,9915.25,9421.5,9612.75,9496.75,62.53,0,21.29,42.5,0.83,0.91,0.94,0.5,NA,NA,NA,NA,NA,NA,NA,NA,NA,NA,NA,NA,NA,NA,NA,NA,NA,NA,NA,NA,NA,NA,NA,NA,NA,NA,NA,NA,NA,NA,NA,NA,NA,NA,NA,NA,NA,NA,NA,NA,NA,NA,NA,NA,NA,NA,NA,NA,NA,NA,NA,400
"28-JUN-2017",2017-06-28 10:21:55,"2017-06-28","10H 21M 55S","Unknown","LSRII","1","Administrator",NA,610,260,450,464,390,466,471,420,388,500,406,625,641,525,3.04,4.17,4.94,7.04,7.23,3.35,5.31,8.1,8.24,8.45,4.88,4.05,5.33,5.85,6.04,107794.796875,121502.296875,9697.7197265625,9339.990234375,9619.7001953125,8948.9404296875,9271.990234375,8374.4599609375,8305.83984375,8580.3203125,8343.4404296875,9838,9362,9435.5,9353.5,62.53,0,21.29,42.5,0.83,0.91,0.94,0.5,NA,NA,NA,NA,NA,NA,NA,NA,NA,NA,NA,NA,NA,NA,NA,NA,NA,NA,NA,NA,NA,NA,NA,NA,NA,NA,NA,NA,NA,NA,NA,NA,NA,NA,NA,NA,NA,NA,NA,NA,NA,NA,NA,NA,NA,NA,NA,NA,NA,NA,NA,400
"26-JUN-2017",2017-06-26 10:19:53,"2017-06-26","10H 19M 53S","Unknown","LSRII","1","Administrator",NA,610,260,450,464,390,466,471,420,388,500,406,625,641,525,6.05,12.47,6.55,9.98,10.99,5.13,7.8,10.76,9.5,10.01,5.85,6.34,8.37,9.7,11.12,109262.5234375,128450.140625,10104.419921875,5684.669921875,4970.0400390625,9549.5400390625,7123.47998046875,9127.400390625,9186.6201171875,9412.2197265625,8478.7998046875,10485.5,10057,5963,4547.5,62.5,0,21,42.5,0.83,0.91,0.94,0.5,NA,NA,NA,NA,NA,NA,NA,NA,NA,NA,NA,NA,NA,NA,NA,NA,NA,NA,NA,NA,NA,NA,NA,NA,NA,NA,NA,NA,NA,NA,NA,NA,NA,NA,NA,NA,NA,NA,NA,NA,NA,NA,NA,NA,NA,NA,NA,NA,NA,NA,NA,400
"23-JUN-2017",2017-06-23 14:06:42,"2017-06-23","14H 6M 42S","Unknown","LSRII","1","Administrator",NA,610,260,450,464,390,466,471,420,388,500,406,625,641,525,1.84,3.23,4.1,6.72,7.07,2.81,5.5,3.06,2.57,4.79,3.02,3.91,4.97,6.5,6.79,110656.93359375,119584.46875,9566.580078125,8129.84985351562,8081.294921875,9001.265625,8422.9599609375,9801.85009765625,9838.51025390625,10072.1000976562,8930.47021484375,9621.5,9084.25,7848.5,7206.75,62.5,0,21,42.5,0.83,0.91,0.94,0.5,NA,NA,NA,NA,NA,NA,NA,NA,NA,NA,NA,NA,NA,NA,NA,NA,NA,NA,NA,NA,NA,NA,NA,NA,NA,NA,NA,NA,NA,NA,NA,NA,NA,NA,NA,NA,NA,NA,NA,NA,NA,NA,NA,NA,NA,NA,NA,NA,NA,NA,NA,400
"21-JUN-2017",2017-06-21 10:35:45,"2017-06-21","10H 35M 45S","Unknown","LSRII","1","Administrator",NA,610,260,450,464,390,466,471,420,388,500,406,625,641,525,4.96,8.53,7.01,10.88,12.27,5.98,7.48,6.8,6.18,7.27,4.49,5.18,6.78,8.28,10.02,112688.8203125,127960.109375,9691.91015625,5615.77978515625,4889.11474609375,9791.6005859375,7178.080078125,10253.51953125,10310.8603515625,10437.2900390625,8892.8701171875,10033.5,9511,5692,4402.25,62.53,0,21.29,42.5,0.83,0.91,0.94,0.5,NA,NA,NA,NA,NA,NA,NA,NA,NA,NA,NA,NA,NA,NA,NA,NA,NA,NA,NA,NA,NA,NA,NA,NA,NA,NA,NA,NA,NA,NA,NA,NA,NA,NA,NA,NA,NA,NA,NA,NA,NA,NA,NA,NA,NA,NA,NA,NA,NA,NA,NA,400
"19-JUN-2017",2017-06-19 15:44:32,"2017-06-19","15H 44M 32S","Unknown","LSRII","1","Administrator",NA,610,260,450,464,390,466,471,420,388,500,406,625,641,525,2.75,3.52,5.23,7.3,8.2,3.14,5.49,3.31,3.04,5.03,3.41,4.26,5.59,6.29,7.26,109175.8515625,119641.34375,9674.4794921875,8541.5302734375,8528.25,9052.6806640625,8509.41015625,9820.1796875,9890.6796875,9944.259765625,8792.759765625,9592.5,9092,8053.5,7639,62.53,0,21.29,42.5,0.83,0.91,0.94,0.5,NA,NA,NA,NA,NA,NA,NA,NA,NA,NA,NA,NA,NA,NA,NA,NA,NA,NA,NA,NA,NA,NA,NA,NA,NA,NA,NA,NA,NA,NA,NA,NA,NA,NA,NA,NA,NA,NA,NA,NA,NA,NA,NA,NA,NA,NA,NA,NA,NA,NA,NA,400
"16-JUN-2017",2017-06-16 10:15:21,"2017-06-16","10H 15M 21S","Unknown","LSRII","1","Administrator",NA,610,260,450,464,390,466,471,420,388,500,406,625,641,525,2.72,3.98,5.13,7.27,7.27,3.34,5.38,3.68,3.58,4.97,3.53,4.27,4.8,5.92,5.62,108591.84375,120229.203125,9589.8193359375,9371.5302734375,9603.9296875,8816.080078125,9203.740234375,9437.599609375,9573.900390625,9613.3798828125,8883,9739.5,9282.5,9373.5,9223,62.53,0,21.29,42.5,0.83,0.91,0.94,0.5,NA,NA,NA,NA,NA,NA,NA,NA,NA,NA,NA,NA,NA,NA,NA,NA,NA,NA,NA,NA,NA,NA,NA,NA,NA,NA,NA,NA,NA,NA,NA,NA,NA,NA,NA,NA,NA,NA,NA,NA,NA,NA,NA,NA,NA,NA,NA,NA,NA,NA,NA,400
"15-JUN-2017",2017-06-15 11:03:42,"2017-06-15","11H 3M 42S","Unknown","LSRII","1","Administrator",NA,610,260,450,464,390,466,471,420,388,500,406,625,641,525,3.15,3.89,6.11,8.04,9.3,3.81,5.99,3.55,3.31,5.23,3.65,4.22,5.15,6.14,6.59,108944.59765625,121646.52734375,9639.6201171875,8842.8193359375,8810.4501953125,9037.2099609375,8712.33984375,9627.4794921875,9608.6796875,9782.10986328125,8956.7900390625,9854.75,9307.5,8600,8144,62.53,0,21.29,42.5,0.83,0.91,0.94,0.5,NA,NA,NA,NA,NA,NA,NA,NA,NA,NA,NA,NA,NA,NA,NA,NA,NA,NA,NA,NA,NA,NA,NA,NA,NA,NA,NA,NA,NA,NA,NA,NA,NA,NA,NA,NA,NA,NA,NA,NA,NA,NA,NA,NA,NA,NA,NA,NA,NA,NA,NA,400
"14-JUN-2017",2017-06-14 14:12:30,"2017-06-14","14H 12M 30S","Unknown","LSRII","1","Administrator",NA,610,260,450,464,390,466,471,420,388,500,406,625,641,525,3.78,5.02,5.61,7.52,8.44,4.35,6.12,3.27,3.02,4.7,3.45,4.44,5.53,6.45,6.92,108324.9453125,122909.15625,9439.58984375,9310.939453125,9460.7548828125,8870.6806640625,9081.7998046875,9718.66015625,9636.41015625,9838.509765625,9076.6396484375,9670.5,9243.25,9166.75,8851.25,62.53,0,21.29,42.5,0.83,0.91,0.94,0.5,NA,NA,NA,NA,NA,NA,NA,NA,NA,NA,NA,NA,NA,NA,NA,NA,NA,NA,NA,NA,NA,NA,NA,NA,NA,NA,NA,NA,NA,NA,NA,NA,NA,NA,NA,NA,NA,NA,NA,NA,NA,NA,NA,NA,NA,NA,NA,NA,NA,NA,NA,400
"13-JUN-2017",2017-06-13 10:36:11,"2017-06-13","10H 36M 11S","Unknown","LSRII","1","Administrator",NA,610,260,450,464,390,466,471,420,388,500,406,625,641,525,2.67,3.33,4.88,6.8,7.67,3.51,5.43,2.77,2.62,4.37,3.13,3.93,5.36,5.77,5.89,109457.32421875,119111.7265625,9762.4599609375,9422.990234375,9638.375,8943.48046875,9044.490234375,9674.4794921875,9621.83984375,9697.0400390625,8937.51953125,9771.75,9257,9114.5,8949,62.53,0,21.29,42.5,0.83,0.91,0.94,0.5,NA,NA,NA,NA,NA,NA,NA,NA,NA,NA,NA,NA,NA,NA,NA,NA,NA,NA,NA,NA,NA,NA,NA,NA,NA,NA,NA,NA,NA,NA,NA,NA,NA,NA,NA,NA,NA,NA,NA,NA,NA,NA,NA,NA,NA,NA,NA,NA,NA,NA,NA,400
"09-JUN-2017",2017-06-09 11:07:55,"2017-06-09","11H 7M 55S","Unknown","LSRII","1","Administrator",NA,610,260,450,464,390,466,471,420,388,500,406,625,641,525,2.68,3.54,4.83,6.73,7.71,3.44,5.99,4.5,4.15,5.41,3.35,4.04,4.81,6.3,6.04,109088.3671875,119627.6953125,9863.7197265625,9750.009765625,9932.609375,8972.6005859375,9391.2001953125,9231.740234375,9269.33984375,9293.7802734375,8820.01953125,9781.5,9185,9371.5,9261.5,62.53,0,21.29,42.5,0.83,0.91,0.94,0.5,NA,NA,NA,NA,NA,NA,NA,NA,NA,NA,NA,NA,NA,NA,NA,NA,NA,NA,NA,NA,NA,NA,NA,NA,NA,NA,NA,NA,NA,NA,NA,NA,NA,NA,NA,NA,NA,NA,NA,NA,NA,NA,NA,NA,NA,NA,NA,NA,NA,NA,NA,400
"08-JUN-2017",2017-06-08 17:10:43,"2017-06-08","17H 10M 43S","Unknown","LSRII","1","Administrator",NA,610,260,450,464,390,466,471,420,388,500,406,625,641,525,7.35,10.76,7.23,11.16,12.75,5.65,9.58,9.53,8.36,9.53,6.49,6.42,7.93,9.41,11.38,108987.9296875,124930.265625,9626.7548828125,6014.5947265625,5311.169921875,9387.560546875,7210.38525390625,9293.31005859375,9388.7197265625,9526.4296875,8508.88037109375,10097.25,9497.25,5898,4671,62.53,0,21.29,42.5,0.83,0.91,0.94,0.5,NA,NA,NA,NA,NA,NA,NA,NA,NA,NA,NA,NA,NA,NA,NA,NA,NA,NA,NA,NA,NA,NA,NA,NA,NA,NA,NA,NA,NA,NA,NA,NA,NA,NA,NA,NA,NA,NA,NA,NA,NA,NA,NA,NA,NA,NA,NA,NA,NA,NA,NA,400
"07-JUN-2017",2017-06-07 09:18:59,"2017-06-07","9H 18M 59S","Unknown","LSRII","1","Administrator",NA,610,260,450,464,390,466,471,420,388,500,406,625,641,525,3.21,4.66,5.01,7.4,8.74,3.33,5.94,5.78,5.59,6.61,4.13,4.61,5.9,6.76,7.98,108162.9453125,122561.078125,9977.4296875,7703.22998046875,7408.580078125,9329.3203125,8331.9599609375,9082.2802734375,9227.0400390625,9372.740234375,8654.10986328125,10304.5,9736.75,7788,6853.5,62.53,0,21.29,42.5,0.83,0.91,0.94,0.5,NA,NA,NA,NA,NA,NA,NA,NA,NA,NA,NA,NA,NA,NA,NA,NA,NA,NA,NA,NA,NA,NA,NA,NA,NA,NA,NA,NA,NA,NA,NA,NA,NA,NA,NA,NA,NA,NA,NA,NA,NA,NA,NA,NA,NA,NA,NA,NA,NA,NA,NA,400
"05-JUN-2017",2017-06-05 10:01:11,"2017-06-05","10H 1M 11S","Unknown","LSRII","1","Administrator",NA,610,260,450,464,390,466,471,420,388,500,406,625,641,525,3.12,4.01,4.91,7.3,9.07,3.18,5.88,3.96,3.59,5.44,3.93,4.82,5.94,7.01,8.4,108499.90234375,123325.93359375,9852.099609375,7926.5,7643.884765625,9324.7705078125,8493.0302734375,9468.6201171875,9596.4599609375,9755.3203125,8694.0595703125,10121.75,9682.75,7916.25,7122,62.53,0,21.29,42.5,0.83,0.91,0.94,0.5,NA,NA,NA,NA,NA,NA,NA,NA,NA,NA,NA,NA,NA,NA,NA,NA,NA,NA,NA,NA,NA,NA,NA,NA,NA,NA,NA,NA,NA,NA,NA,NA,NA,NA,NA,NA,NA,NA,NA,NA,NA,NA,NA,NA,NA,NA,NA,NA,NA,NA,NA,400
"02-JUN-2017",2017-06-02 09:08:40,"2017-06-02","9H 8M 40S","Unknown","LSRII","1","Administrator",NA,610,260,450,464,390,466,471,420,388,500,406,625,641,525,2.53,3.33,4.56,6.65,7.63,2.94,5.44,9.2,9.12,9.48,5.27,4.21,5.62,6.51,7.26,108550.125,121299.8203125,10049.224609375,8130.6796875,7999.5400390625,9209.2001953125,8473.009765625,8151.68017578125,8254.60986328125,8404.5400390625,8248.97021484375,10246.25,9791.75,8199,7407.75,62.53,0,21.29,42.5,0.83,0.91,0.94,0.5,NA,NA,NA,NA,NA,NA,NA,NA,NA,NA,NA,NA,NA,NA,NA,NA,NA,NA,NA,NA,NA,NA,NA,NA,NA,NA,NA,NA,NA,NA,NA,NA,NA,NA,NA,NA,NA,NA,NA,NA,NA,NA,NA,NA,NA,NA,NA,NA,NA,NA,NA,400
"01-JUN-2017",2017-06-01 10:01:19,"2017-06-01","10H 1M 19S","Unknown","LSRII","1","Administrator",NA,610,260,450,464,390,466,471,420,388,500,406,625,641,525,2.14,2.91,3.98,6.3,7.48,2.75,5.42,6.13,6.01,6.88,4.15,3.99,5.29,6.25,7.37,109021.140625,121176.515625,10055.4501953125,8187.94970703125,8089.1796875,9260.16015625,8410.220703125,9097.3203125,9141.5,9230.7998046875,8595.3603515625,10187,9787,8132.5,7389,62.53,0,21.29,42.5,0.83,0.91,0.94,0.5,NA,NA,NA,NA,NA,NA,NA,NA,NA,NA,NA,NA,NA,NA,NA,NA,NA,NA,NA,NA,NA,NA,NA,NA,NA,NA,NA,NA,NA,NA,NA,NA,NA,NA,NA,NA,NA,NA,NA,NA,NA,NA,NA,NA,NA,NA,NA,NA,NA,NA,NA,400
