"SAMPLE","DateTime","DATE","TIME","Timepoint","CYT","CYTSN","OP","FSC-A_Gain","FSC-H_Gain","FSC-W_Gain","SSC-A_Gain","SSC-H_Gain","SSC-W_Gain","R670-A_Gain","R670-H_Gain","R730-A_Gain","R730-H_Gain","R780-A_Gain","R780-H_Gain","B530-A_Gain","B530-H_Gain","B710-A_Gain","B710-H_Gain","V450-A_Gain","V450-H_Gain","V525-A_Gain","V525-H_Gain","V610-A_Gain","V610-H_Gain","V670-A_Gain","V670-H_Gain","Y590-A_Gain","Y590-H_Gain","Y615-A_Gain","Y615-H_Gain","Y710-A_Gain","Y710-H_Gain","Y780-A_Gain","Y780-H_Gain","FSC-A","FSC-H","FSC-W","SSC-A","SSC-H","SSC-W","R670-A","R670-H","R730-A","R730-H","R780-A","R780-H","B530-A","B530-H","B710-A","B710-H","V450-A","V450-H","V525-A","V525-H","V610-A","V610-H","V670-A","V670-H","Y590-A","Y590-H","Y615-A","Y615-H","Y710-A","Y710-H","Y780-A","Y780-H","Red_LaserDelay","Blue_LaserDelay","Violet_LaserDelay","yellow green_LaserDelay","Red_AreaScalingFactor","Blue_AreaScalingFactor","Violet_AreaScalingFactor","yellow green_AreaScalingFactor","Time_Gain"
"21-DEC-2017",2017-12-21 09:48:57,"2017-12-21","9H 48M 57S","Unknown","2.16.0","Unknown","Unknown",610,NA,NA,260,NA,NA,450,NA,464,NA,390,NA,466,NA,471,NA,420,NA,388,NA,500,NA,406,NA,625,NA,641,NA,525,NA,400,NA,79327.20703125,NA,NA,114305.3671875,NA,NA,591.679992675781,NA,191.349998474121,NA,162.970008850098,NA,357.584991455078,NA,204.600006103516,NA,507.779998779297,NA,362.235000610352,NA,378.045013427734,NA,290.625,NA,341,NA,411.25,NA,196,NA,130,NA,NA,NA,NA,NA,NA,NA,NA,NA,NA
"20-DEC-2017",2017-12-20 08:48:53,"2017-12-20","8H 48M 53S","Unknown","2.16.0","Unknown","Unknown",610,NA,NA,260,NA,NA,450,NA,464,NA,390,NA,466,NA,471,NA,420,NA,388,NA,500,NA,406,NA,625,NA,641,NA,525,NA,400,NA,79906.94921875,NA,NA,114345.359375,NA,NA,604.580017089844,NA,198.660003662109,NA,166.839996337891,NA,358.049987792969,NA,198.089996337891,NA,530.099975585938,NA,376.649993896484,NA,353.399993896484,NA,280.860015869141,NA,334.25,NA,426.5,NA,191.5,NA,130.5,NA,NA,NA,NA,NA,NA,NA,NA,NA,NA
"19-DEC-2017",2017-12-19 08:35:41,"2017-12-19","8H 35M 41S","Unknown","2.16.0","Unknown","Unknown",610,NA,NA,260,NA,NA,450,NA,464,NA,390,NA,466,NA,471,NA,420,NA,388,NA,500,NA,406,NA,625,NA,641,NA,525,NA,400,NA,78042.6796875,NA,NA,112083.13671875,NA,NA,578.780029296875,NA,190.919998168945,NA,156.520004272461,NA,345.029998779297,NA,188.790008544922,NA,510.570007324219,NA,363.630004882812,NA,334.799987792969,NA,271.559997558594,NA,313.5,NA,392,NA,182.5,NA,122.5,NA,NA,NA,NA,NA,NA,NA,NA,NA,NA
"18-DEC-2017",2017-12-18 09:36:47,"2017-12-18","9H 36M 47S","Unknown","LSRII","1","Administrator",610,NA,NA,260,NA,NA,450,NA,464,NA,390,NA,466,NA,471,NA,420,NA,388,NA,500,NA,406,NA,625,NA,641,NA,525,NA,400,NA,72900.87109375,NA,NA,109451.23828125,NA,NA,492.779998779297,NA,124.700004577637,NA,113.520004272461,NA,245.985000610352,NA,123.225002288818,NA,449.190002441406,NA,318.059997558594,NA,279.464996337891,NA,179.955001831055,NA,220.25,NA,266.5,NA,119.75,NA,84,NA,59.73,0,20.42,39.51,0.86,0.93,0.93,0.5,NA
"15-DEC-2017",2017-12-15 14:49:25,"2017-12-15","14H 49M 25S","Unknown","2.16.0","Unknown","Unknown",610,NA,NA,260,NA,NA,450,NA,464,NA,390,NA,466,NA,471,NA,420,NA,388,NA,500,NA,406,NA,625,NA,641,NA,525,NA,400,NA,81363.6796875,NA,NA,112814.578125,NA,NA,598.559997558594,NA,211.559997558594,NA,185.760009765625,NA,365.489990234375,NA,214.830001831055,NA,524.52001953125,NA,384.089996337891,NA,360.839996337891,NA,313.410003662109,NA,355,NA,443,NA,202.5,NA,140.5,NA,NA,NA,NA,NA,NA,NA,NA,NA,NA
"14-DEC-2017",2017-12-14 08:22:13,"2017-12-14","8H 22M 13S","Unknown","2.16.0","Unknown","Unknown",610,NA,NA,260,NA,NA,450,NA,464,NA,390,NA,466,NA,471,NA,420,NA,388,NA,500,NA,406,NA,625,NA,641,NA,525,NA,400,NA,98245.5,NA,NA,115234.4375,NA,NA,623.5,NA,210.699996948242,NA,175.440002441406,NA,366.420013427734,NA,211.110000610352,NA,524.52001953125,NA,375.720001220703,NA,366.420013427734,NA,308.295013427734,NA,346.75,NA,438,NA,202.5,NA,140,NA,NA,NA,NA,NA,NA,NA,NA,NA,NA
"13-DEC-2017",2017-12-13 09:17:04,"2017-12-13","9H 17M 4S","Unknown","2.16.0","Unknown","Unknown",610,NA,NA,260,NA,NA,450,NA,464,NA,390,NA,466,NA,471,NA,420,NA,388,NA,500,NA,406,NA,625,NA,641,NA,525,NA,400,NA,81022.55859375,NA,NA,114841.984375,NA,NA,629.090026855469,NA,208.980010986328,NA,174.580001831055,NA,365.489990234375,NA,216.690002441406,NA,528.239990234375,NA,379.440002441406,NA,365.489990234375,NA,302.25,NA,357,NA,450,NA,207,NA,143.5,NA,NA,NA,NA,NA,NA,NA,NA,NA,NA
"12-DEC-2017",2017-12-12 09:02:27,"2017-12-12","9H 2M 27S","Unknown","2.16.0","Unknown","Unknown",610,NA,NA,260,NA,NA,450,NA,464,NA,390,NA,466,NA,471,NA,420,NA,388,NA,500,NA,406,NA,625,NA,641,NA,525,NA,400,NA,80250.52734375,NA,NA,114823.84765625,NA,NA,639.840026855469,NA,214.139999389648,NA,184.900009155273,NA,374.790008544922,NA,222.270004272461,NA,532.890014648438,NA,384.089996337891,NA,369.209991455078,NA,316.200012207031,NA,366.5,NA,462.75,NA,212.5,NA,149,NA,NA,NA,NA,NA,NA,NA,NA,NA,NA
"11-DEC-2017",2017-12-11 09:04:43,"2017-12-11","9H 4M 43S","Unknown","2.16.0","Unknown","Unknown",610,NA,NA,260,NA,NA,450,NA,464,NA,390,NA,466,NA,471,NA,420,NA,388,NA,500,NA,406,NA,625,NA,641,NA,525,NA,400,NA,82719.9609375,NA,NA,118766.11328125,NA,NA,649.299987792969,NA,218.440002441406,NA,187.479995727539,NA,380.369995117188,NA,217.619995117188,NA,546.840026855469,NA,393.390014648438,NA,394.320007324219,NA,306.899993896484,NA,358,NA,425,NA,209,NA,144.5,NA,NA,NA,NA,NA,NA,NA,NA,NA,NA
"08-DEC-2017",2017-12-08 09:21:08,"2017-12-08","9H 21M 8S","Unknown","2.16.0","Unknown","Unknown",610,NA,NA,260,NA,NA,450,NA,464,NA,390,NA,466,NA,471,NA,420,NA,388,NA,500,NA,406,NA,625,NA,641,NA,525,NA,400,NA,76139.4609375,NA,NA,111014.56640625,NA,NA,582.220031738281,NA,188.339996337891,NA,153.080001831055,NA,333.869995117188,NA,178.559997558594,NA,504.059997558594,NA,356.190002441406,NA,332.010009765625,NA,252.029998779297,NA,299.5,NA,371.5,NA,173,NA,117,NA,NA,NA,NA,NA,NA,NA,NA,NA,NA
"07-DEC-2017",2017-12-07 11:54:39,"2017-12-07","11H 54M 39S","Unknown","2.16.0","Unknown","Unknown",610,NA,NA,260,NA,NA,450,NA,464,NA,390,NA,466,NA,471,NA,420,NA,388,NA,500,NA,406,NA,625,NA,641,NA,525,NA,400,NA,80945.88671875,NA,NA,113559.5078125,NA,NA,641.559997558594,NA,220.160003662109,NA,191.779998779297,NA,378.510009765625,NA,233.43000793457,NA,555.210021972656,NA,392.459991455078,NA,389.205001831055,NA,331.080017089844,NA,369.5,NA,467,NA,216,NA,153.5,NA,NA,NA,NA,NA,NA,NA,NA,NA,NA
"06-DEC-2017",2017-12-06 09:59:22,"2017-12-06","9H 59M 22S","Unknown","2.16.0","Unknown","",610,NA,NA,260,NA,NA,450,NA,464,NA,390,NA,466,NA,471,NA,420,NA,388,NA,500,NA,406,NA,625,NA,641,NA,525,NA,400,NA,29527.7890625,NA,NA,57861.345703125,NA,NA,159.960006713867,NA,60.2000007629395,NA,76.5400009155273,NA,217.619995117188,NA,93.9300003051758,NA,384.554992675781,NA,128.339996337891,NA,254.820007324219,NA,140.43000793457,NA,210.5,NA,247.75,NA,77.75,NA,58,NA,NA,NA,NA,NA,NA,NA,NA,NA,NA
"05-DEC-2017",2017-12-05 08:32:43,"2017-12-05","8H 32M 43S","Unknown","2.16.0","Unknown","Unknown",610,NA,NA,260,NA,NA,450,NA,464,NA,390,NA,466,NA,471,NA,420,NA,388,NA,500,NA,406,NA,625,NA,641,NA,525,NA,400,NA,50706.75,NA,NA,88164.93359375,NA,NA,195.650001525879,NA,86,NA,110.940002441406,NA,119.970001220703,NA,116.25,NA,214.830001831055,NA,93.9300003051758,NA,200.415000915527,NA,146.940002441406,NA,170.75,NA,213.25,NA,97.5,NA,79.25,NA,NA,NA,NA,NA,NA,NA,NA,NA,NA
"04-DEC-2017",2017-12-04 10:14:56,"2017-12-04","10H 14M 56S","Unknown","2.16.0","Unknown","Unknown",610,NA,NA,260,NA,NA,450,NA,464,NA,390,NA,466,NA,471,NA,420,NA,388,NA,500,NA,406,NA,625,NA,641,NA,525,NA,400,NA,80965.15625,NA,NA,115660.3828125,NA,NA,585.660034179688,NA,188.339996337891,NA,156.520004272461,NA,353.399993896484,NA,191.580001831055,NA,523.590026855469,NA,372,NA,377.580017089844,NA,281.790008544922,NA,320.5,NA,383.5,NA,186,NA,127,NA,NA,NA,NA,NA,NA,NA,NA,NA,NA
"01-DEC-2017",2017-12-01 10:52:18,"2017-12-01","10H 52M 18S","Unknown","2.16.0","Unknown","Unknown",610,NA,NA,260,NA,NA,450,NA,464,NA,390,NA,466,NA,471,NA,420,NA,388,NA,500,NA,406,NA,625,NA,641,NA,525,NA,400,NA,82218.9375,NA,NA,115068.43359375,NA,NA,617.47998046875,NA,208.980010986328,NA,179.740005493164,NA,367.350006103516,NA,210.18000793457,NA,534.75,NA,377.115005493164,NA,376.649993896484,NA,301.320007324219,NA,350.5,NA,426,NA,197.5,NA,136.5,NA,NA,NA,NA,NA,NA,NA,NA,NA,NA
"30-NOV-2017",2017-11-30 08:16:36,"2017-11-30","8H 16M 36S","Unknown","2.16.0","Unknown","Unknown",610,NA,NA,260,NA,NA,450,NA,464,NA,390,NA,466,NA,471,NA,420,NA,388,NA,500,NA,406,NA,625,NA,641,NA,525,NA,400,NA,34793.830078125,NA,NA,64449.220703125,NA,NA,183.039993286133,NA,69.5199966430664,NA,94.1599960327148,NA,136.160003662109,NA,125.120002746582,NA,302.714996337891,NA,111.599998474121,NA,275.279998779297,NA,145.080001831055,NA,195.25,NA,295.5,NA,107.5,NA,72.25,NA,NA,NA,NA,NA,NA,NA,NA,NA,NA
"29-NOV-2017",2017-11-29 09:08:28,"2017-11-29","9H 8M 28S","Unknown","2.16.0","Unknown","Unknown",610,NA,NA,260,NA,NA,450,NA,464,NA,390,NA,466,NA,471,NA,420,NA,388,NA,500,NA,406,NA,625,NA,641,NA,525,NA,400,NA,42283.708984375,NA,NA,72178.6015625,NA,NA,189.199996948242,NA,73.9199981689453,NA,99.4400024414062,NA,112.700004577637,NA,122.360000610352,NA,290.160003662109,NA,100.440002441406,NA,259.470001220703,NA,151.589996337891,NA,191.75,NA,291.5,NA,111.5,NA,76,NA,NA,NA,NA,NA,NA,NA,NA,NA,NA
"22-NOV-2017",2017-11-22 13:34:08,"2017-11-22","13H 34M 8S","Unknown","2.16.0","Unknown","Unknown",610,NA,NA,260,NA,NA,450,NA,464,NA,390,NA,466,NA,471,NA,420,NA,388,NA,500,NA,406,NA,625,NA,641,NA,525,NA,400,NA,82570.71875,NA,NA,115155.484375,NA,NA,639.760009765625,NA,221.759994506836,NA,186.559997558594,NA,376.279998779297,NA,214.360000610352,NA,544.97998046875,NA,385.950012207031,NA,372,NA,314.339996337891,NA,363,NA,450.5,NA,209,NA,146.5,NA,NA,NA,NA,NA,NA,NA,NA,NA,NA
"17-NOV-2017",2017-11-17 09:03:39,"2017-11-17","9H 3M 39S","Unknown","2.16.0","Unknown","Unknown",610,NA,NA,260,NA,NA,450,NA,464,NA,390,NA,466,NA,471,NA,420,NA,388,NA,500,NA,406,NA,625,NA,641,NA,525,NA,400,NA,41794.400390625,NA,NA,59582.705078125,NA,NA,146.400009155273,NA,54.4000015258789,NA,72.8000030517578,NA,99.1900024414062,NA,116.480003356934,NA,162.619995117188,NA,67.6800003051758,NA,166.849998474121,NA,128.779998779297,NA,183.995002746582,NA,272.929992675781,NA,100.695003509521,NA,69.0900039672852,NA,NA,NA,NA,NA,NA,NA,NA,NA,NA
"16-NOV-2017",2017-11-16 11:33:53,"2017-11-16","11H 33M 53S","Unknown","2.16.0","Unknown","Unknown",610,NA,NA,260,NA,NA,450,NA,464,NA,390,NA,466,NA,471,NA,420,NA,388,NA,500,NA,406,NA,625,NA,641,NA,525,NA,400,NA,100507.6015625,NA,NA,116008.625,NA,NA,571.600006103516,NA,196.800003051758,NA,171.199996948242,NA,397.670013427734,NA,238.420013427734,NA,532.039978027344,NA,369.420013427734,NA,341.220001220703,NA,320.540008544922,NA,383.425003051758,NA,471.135009765625,NA,226.870010375977,NA,162.68000793457,NA,NA,NA,NA,NA,NA,NA,NA,NA,NA
"15-NOV-2017",2017-11-15 08:08:03,"2017-11-15","8H 8M 3S","Unknown","2.16.0","Unknown","Unknown",610,NA,NA,260,NA,NA,450,NA,464,NA,390,NA,466,NA,471,NA,420,NA,388,NA,500,NA,406,NA,625,NA,641,NA,525,NA,400,NA,100210,NA,NA,116515.94921875,NA,NA,482.399993896484,NA,159.199996948242,NA,129.600006103516,NA,384.02001953125,NA,219.310012817383,NA,471.880004882812,NA,315.839996337891,NA,305.5,NA,268.839996337891,NA,362.600006103516,NA,413.070007324219,NA,216.580001831055,NA,148.470001220703,NA,NA,NA,NA,NA,NA,NA,NA,NA,NA
"13-NOV-2017",2017-11-13 08:48:17,"2017-11-13","8H 48M 17S","Unknown","LSRII","1","Administrator",610,NA,NA,260,NA,NA,450,NA,464,NA,390,NA,466,NA,471,NA,420,NA,388,NA,500,NA,406,NA,625,NA,641,NA,525,NA,400,NA,97608.40234375,NA,NA,116727.5234375,NA,NA,508.800018310547,NA,168,NA,140,NA,391.300018310547,NA,226.59001159668,NA,473.290008544922,NA,316.779998779297,NA,306.440002441406,NA,293.279998779297,NA,371.420013427734,NA,414.540008544922,NA,220.5,NA,154.350006103516,NA,63.43,0,21.34,43.61,0.8,0.91,0.94,0.49,NA
"10-NOV-2017",2017-11-10 08:40:12,"2017-11-10","8H 40M 12S","Unknown","2.16.0","Unknown","Unknown",610,NA,NA,260,NA,NA,450,NA,464,NA,390,NA,466,NA,471,NA,420,NA,388,NA,500,NA,406,NA,625,NA,641,NA,525,NA,400,NA,100916.80078125,NA,NA,115849.37109375,NA,NA,501.600006103516,NA,160.800003051758,NA,131.199996948242,NA,381.290008544922,NA,210.210006713867,NA,506.660003662109,NA,333.700012207031,NA,311.139984130859,NA,270.720001220703,NA,350.839996337891,NA,400.330017089844,NA,208.740005493164,NA,141.119995117188,NA,NA,NA,NA,NA,NA,NA,NA,NA,NA
"09-NOV-2017",2017-11-09 09:15:21,"2017-11-09","9H 15M 21S","Unknown","2.16.0","Unknown","Unknown",610,NA,NA,260,NA,NA,450,NA,464,NA,390,NA,466,NA,471,NA,420,NA,388,NA,500,NA,406,NA,625,NA,641,NA,525,NA,400,NA,90242.40234375,NA,NA,108044.3046875,NA,NA,414.399993896484,NA,129.600006103516,NA,96,NA,349.440002441406,NA,193.830001831055,NA,421.589996337891,NA,272.600006103516,NA,258.5,NA,237.81999206543,NA,312.130004882812,NA,329.77001953125,NA,173.949996948242,NA,102.900001525879,NA,NA,NA,NA,NA,NA,NA,NA,NA,NA
"08-NOV-2017",2017-11-08 09:09:37,"2017-11-08","9H 9M 37S","Unknown","2.16.0","Unknown","Unknown",610,NA,NA,260,NA,NA,450,NA,464,NA,390,NA,466,NA,471,NA,420,NA,388,NA,500,NA,406,NA,625,NA,641,NA,525,NA,400,NA,100747.6015625,NA,NA,116158.31640625,NA,NA,516,NA,168,NA,139.199996948242,NA,391.300018310547,NA,223.860000610352,NA,503.839996337891,NA,338.399993896484,NA,319.600006103516,NA,282.940002441406,NA,367.010009765625,NA,415.52001953125,NA,216.09001159668,NA,149.205001831055,NA,NA,NA,NA,NA,NA,NA,NA,NA,NA
"07-NOV-2017",2017-11-07 09:04:50,"2017-11-07","9H 4M 50S","Unknown","2.16.0","Unknown","Unknown",610,NA,NA,260,NA,NA,450,NA,464,NA,390,NA,466,NA,471,NA,420,NA,388,NA,500,NA,406,NA,625,NA,641,NA,525,NA,400,NA,101262.00390625,NA,NA,116752.546875,NA,NA,504.800018310547,NA,164,NA,136,NA,390.390014648438,NA,219.310012817383,NA,541.440002441406,NA,373.179992675781,NA,342.160003662109,NA,287.639984130859,NA,355.740020751953,NA,405.230010986328,NA,210.210006713867,NA,145.529998779297,NA,NA,NA,NA,NA,NA,NA,NA,NA,NA
"06-NOV-2017",2017-11-06 08:16:57,"2017-11-06","8H 16M 57S","Unknown","2.16.0","Unknown","Unknown",610,NA,NA,260,NA,NA,450,NA,464,NA,390,NA,466,NA,471,NA,420,NA,388,NA,500,NA,406,NA,625,NA,641,NA,525,NA,400,NA,100103.203125,NA,NA,117532.41796875,NA,NA,570.400024414062,NA,192,NA,160.800003051758,NA,393.120025634766,NA,227.5,NA,611,NA,430.519989013672,NA,377.880004882812,NA,315.839996337891,NA,361.130004882812,NA,436.589996337891,NA,218.050003051758,NA,149.449996948242,NA,NA,NA,NA,NA,NA,NA,NA,NA,NA
"03-NOV-2017",2017-11-03 09:08:32,"2017-11-03","9H 8M 32S","Unknown","2.16.0","Unknown","Unknown",610,NA,NA,260,NA,NA,450,NA,464,NA,390,NA,466,NA,471,NA,420,NA,388,NA,500,NA,406,NA,625,NA,641,NA,525,NA,400,NA,98821.6015625,NA,NA,116291.1796875,NA,NA,544.799987792969,NA,183.199996948242,NA,152.800003051758,NA,385.839996337891,NA,219.310012817383,NA,600.659973144531,NA,416.420013427734,NA,365.660003662109,NA,307.380004882812,NA,357.700012207031,NA,428.75,NA,212.660003662109,NA,145.529998779297,NA,NA,NA,NA,NA,NA,NA,NA,NA,NA
"02-NOV-2017",2017-11-02 09:16:58,"2017-11-02","9H 16M 58S","Unknown","2.16.0","Unknown","Unknown",610,NA,NA,260,NA,NA,450,NA,464,NA,390,NA,466,NA,471,NA,420,NA,388,NA,500,NA,406,NA,625,NA,641,NA,525,NA,400,NA,98015.203125,NA,NA,114164.9609375,NA,NA,488,NA,156.800003051758,NA,127.200004577637,NA,379.470001220703,NA,211.120010375977,NA,557.419982910156,NA,390.100006103516,NA,346.859985351562,NA,285.760009765625,NA,348.880004882812,NA,389.550018310547,NA,203.350006103516,NA,137.690002441406,NA,NA,NA,NA,NA,NA,NA,NA,NA,NA
"01-NOV-2017",2017-11-01 10:11:32,"2017-11-01","10H 11M 32S","Unknown","2.16.0","Unknown","Unknown",610,NA,NA,260,NA,NA,450,NA,464,NA,390,NA,466,NA,471,NA,420,NA,388,NA,500,NA,406,NA,625,NA,641,NA,525,NA,400,NA,19685.2001953125,NA,NA,18492.111328125,NA,NA,35.2000007629395,NA,13.6000003814697,NA,20,NA,35.4900016784668,NA,30.0300006866455,NA,78.9599990844727,NA,26.3199996948242,NA,47.939998626709,NA,36.6599998474121,NA,66.1500015258789,NA,74.9700012207031,NA,25.9700012207031,NA,19.1100006103516,NA,NA,NA,NA,NA,NA,NA,NA,NA,NA
"31-OCT-2017",2017-10-31 09:46:46,"2017-10-31","9H 46M 46S","Unknown","2.16.0","Unknown","Unknown",610,NA,NA,260,NA,NA,450,NA,464,NA,390,NA,466,NA,471,NA,420,NA,388,NA,500,NA,406,NA,625,NA,641,NA,525,NA,400,NA,34253.201171875,NA,NA,59598.6328125,NA,NA,128,NA,44,NA,56,NA,80.0800018310547,NA,79.1700057983398,NA,167.31999206543,NA,59.2200012207031,NA,118.440002441406,NA,94.9400024414062,NA,157.290008544922,NA,187.669998168945,NA,63.2100028991699,NA,49.4900016784668,NA,NA,NA,NA,NA,NA,NA,NA,NA,NA
"30-OCT-2017",2017-10-30 08:47:49,"2017-10-30","8H 47M 49S","Unknown","2.16.0","Unknown","Unknown",610,NA,NA,260,NA,NA,450,NA,464,NA,390,NA,466,NA,471,NA,420,NA,388,NA,500,NA,406,NA,625,NA,641,NA,525,NA,400,NA,79080,NA,NA,115063.58984375,NA,NA,524.799987792969,NA,156.800003051758,NA,120,NA,350.350006103516,NA,179.725006103516,NA,526.400024414062,NA,340.279998779297,NA,300.799987792969,NA,226.539993286133,NA,346.429992675781,NA,404.25,NA,177.870010375977,NA,113.680000305176,NA,NA,NA,NA,NA,NA,NA,NA,NA,NA
"27-OCT-2017",2017-10-27 14:04:33,"2017-10-27","14H 4M 33S","Unknown","LSRII","1","Administrator",610,NA,NA,260,NA,NA,450,NA,464,NA,390,NA,466,NA,471,NA,420,NA,388,NA,500,NA,406,NA,625,NA,641,NA,525,NA,400,NA,104164.40234375,NA,NA,116458.6171875,NA,NA,549.200012207031,NA,187.199996948242,NA,156,NA,379.470001220703,NA,211.120010375977,NA,517,NA,345.450012207031,NA,306.440002441406,NA,273.070007324219,NA,340.550018310547,NA,412.335006713867,NA,201.880004882812,NA,141.120002746582,NA,63.43,0,21.34,42.6,0.8,0.91,0.94,0.49,NA
"26-OCT-2017",2017-10-26 08:11:32,"2017-10-26","8H 11M 32S","Unknown","2.16.0","Unknown","Unknown",610,NA,NA,260,NA,NA,450,NA,464,NA,390,NA,466,NA,471,NA,420,NA,388,NA,500,NA,406,NA,625,NA,641,NA,525,NA,400,NA,92953.6015625,NA,NA,115919.44140625,NA,NA,544,NA,168,NA,134.400009155273,NA,364.910003662109,NA,185.639999389648,NA,450.260009765625,NA,294.220001220703,NA,258.5,NA,219.490005493164,NA,341.775009155273,NA,396.899993896484,NA,183.75,NA,121.520004272461,NA,NA,NA,NA,NA,NA,NA,NA,NA,NA
"25-OCT-2017",2017-10-25 08:45:07,"2017-10-25","8H 45M 7S","Unknown","2.16.0","Unknown","Unknown",610,NA,NA,260,NA,NA,450,NA,464,NA,390,NA,466,NA,471,NA,420,NA,388,NA,500,NA,406,NA,625,NA,641,NA,525,NA,400,NA,94438.80078125,NA,NA,118177.609375,NA,NA,536,NA,166.400009155273,NA,129.600006103516,NA,357.630004882812,NA,175.630004882812,NA,523.580017089844,NA,357.200012207031,NA,291.399993896484,NA,226.069999694824,NA,316.050018310547,NA,369.460021972656,NA,176.889999389648,NA,116.130004882812,NA,NA,NA,NA,NA,NA,NA,NA,NA,NA
"24-OCT-2017",2017-10-24 09:07:56,"2017-10-24","9H 7M 56S","Unknown","2.16.0","Unknown","Unknown",610,NA,NA,260,NA,NA,450,NA,464,NA,390,NA,466,NA,471,NA,420,NA,388,NA,500,NA,406,NA,625,NA,641,NA,525,NA,400,NA,99333.203125,NA,NA,116259.328125,NA,NA,528.799987792969,NA,170.400009155273,NA,136,NA,368.550018310547,NA,192.919998168945,NA,585.619995117188,NA,407.019989013672,NA,340.279998779297,NA,265.079986572266,NA,330.75,NA,386.610015869141,NA,187.18000793457,NA,126.42000579834,NA,NA,NA,NA,NA,NA,NA,NA,NA,NA
"23-OCT-2017",2017-10-23 12:05:14,"2017-10-23","12H 5M 14S","Unknown","2.16.0","Unknown","Unknown",610,NA,NA,260,NA,NA,450,NA,464,NA,390,NA,466,NA,471,NA,420,NA,388,NA,500,NA,406,NA,625,NA,641,NA,525,NA,400,NA,103497.6015625,NA,NA,116770.29296875,NA,NA,553.600036621094,NA,188.800003051758,NA,153.600006103516,NA,393.120025634766,NA,219.765007019043,NA,604.419982910156,NA,430.519989013672,NA,365.660003662109,NA,313.959991455078,NA,343.490005493164,NA,419.685012817383,NA,199.919998168945,NA,135.240005493164,NA,NA,NA,NA,NA,NA,NA,NA,NA,NA
"19-OCT-2017",2017-10-19 15:10:08,"2017-10-19","15H 10M 8S","Unknown","2.16.0","Unknown","Unknown",610,NA,NA,260,NA,NA,450,NA,464,NA,390,NA,466,NA,471,NA,420,NA,388,NA,500,NA,406,NA,625,NA,641,NA,525,NA,400,NA,101654.40234375,NA,NA,117163.8671875,NA,NA,554.400024414062,NA,196,NA,164.800003051758,NA,389.480010986328,NA,223.860000610352,NA,569.640014648438,NA,402.320007324219,NA,350.619995117188,NA,309.260009765625,NA,365.050018310547,NA,438.059997558594,NA,208.25,NA,146.510009765625,NA,NA,NA,NA,NA,NA,NA,NA,NA,NA
"19-OCT-2017",2017-10-19 08:55:19,"2017-10-19","8H 55M 19S","Unknown","2.16.0","Unknown","Unknown",610,NA,NA,260,NA,NA,450,NA,464,NA,390,NA,466,NA,471,NA,420,NA,388,NA,500,NA,406,NA,625,NA,641,NA,525,NA,400,NA,100846.3984375,NA,NA,116904.0625,NA,NA,528,NA,177.600006103516,NA,148.800003051758,NA,402.220001220703,NA,232.050003051758,NA,501.489990234375,NA,347.799987792969,NA,328.059997558594,NA,295.160003662109,NA,375.830017089844,NA,430.220001220703,NA,223.440002441406,NA,154.350006103516,NA,NA,NA,NA,NA,NA,NA,NA,NA,NA
"18-OCT-2017",2017-10-18 09:27:30,"2017-10-18","9H 27M 30S","Unknown","2.16.0","Unknown","Unknown",610,NA,NA,260,NA,NA,450,NA,464,NA,390,NA,466,NA,471,NA,420,NA,388,NA,500,NA,406,NA,625,NA,641,NA,525,NA,400,NA,102117.6015625,NA,NA,115808.42578125,NA,NA,515.200012207031,NA,168.800003051758,NA,139.199996948242,NA,461.370025634766,NA,231.139999389648,NA,485.040008544922,NA,328.059997558594,NA,307.380004882812,NA,269.779998779297,NA,354.27001953125,NA,404.740020751953,NA,210.699996948242,NA,147.490005493164,NA,NA,NA,NA,NA,NA,NA,NA,NA,NA
"17-OCT-2017",2017-10-17 09:29:32,"2017-10-17","9H 29M 32S","Unknown","2.16.0","Unknown","Unknown",610,NA,NA,260,NA,NA,450,NA,464,NA,390,NA,466,NA,471,NA,420,NA,388,NA,500,NA,406,NA,625,NA,641,NA,525,NA,400,NA,96180.40234375,NA,NA,115215.1015625,NA,NA,468,NA,125.599998474121,NA,95.2000045776367,NA,360.360015869141,NA,168.350006103516,NA,449.320007324219,NA,278.239990234375,NA,269.779998779297,NA,203.979995727539,NA,310.170013427734,NA,361.130004882812,NA,160.229995727539,NA,98,NA,NA,NA,NA,NA,NA,NA,NA,NA,NA
"16-OCT-2017",2017-10-16 08:43:48,"2017-10-16","8H 43M 48S","Unknown","2.16.0","Unknown","Unknown",610,NA,NA,260,NA,NA,450,NA,464,NA,390,NA,466,NA,471,NA,420,NA,388,NA,500,NA,406,NA,625,NA,641,NA,525,NA,400,NA,20710,NA,NA,59707.376953125,NA,NA,120.400001525879,NA,40,NA,52,NA,76.4400024414062,NA,64.6100006103516,NA,151.809997558594,NA,60.1599998474121,NA,97.7600021362305,NA,84.5999984741211,NA,96.5299987792969,NA,132.300003051758,NA,50.4700012207031,NA,40.6700019836426,NA,NA,NA,NA,NA,NA,NA,NA,NA,NA
"13-OCT-2017",2017-10-13 09:27:56,"2017-10-13","9H 27M 56S","Unknown","2.16.0","Unknown","Unknown",610,NA,NA,260,NA,NA,450,NA,464,NA,390,NA,466,NA,471,NA,420,NA,388,NA,500,NA,406,NA,625,NA,641,NA,525,NA,400,NA,48908.80078125,NA,NA,105070.87890625,NA,NA,196.800003051758,NA,67.2000045776367,NA,78.4000015258789,NA,256.620002746582,NA,117.390007019043,NA,517.940002441406,NA,167.31999206543,NA,258.5,NA,147.580001831055,NA,221.480010986328,NA,271.705001831055,NA,100.450004577637,NA,65.6600036621094,NA,NA,NA,NA,NA,NA,NA,NA,NA,NA
"12-OCT-2017",2017-10-12 08:27:23,"2017-10-12","8H 27M 23S","Unknown","2.16.0","Unknown","Unknown",610,NA,NA,260,NA,NA,450,NA,464,NA,390,NA,466,NA,471,NA,420,NA,388,NA,500,NA,406,NA,625,NA,641,NA,525,NA,400,NA,73474,NA,NA,115390.27734375,NA,NA,469.600006103516,NA,120.800003051758,NA,96,NA,351.260009765625,NA,158.34001159668,NA,568.230010986328,NA,377.880004882812,NA,317.720001220703,NA,218.080001831055,NA,294.490020751953,NA,344.470001220703,NA,149.940002441406,NA,92.6100006103516,NA,NA,NA,NA,NA,NA,NA,NA,NA,NA
"11-OCT-2017",2017-10-11 09:27:48,"2017-10-11","9H 27M 48S","Unknown","2.16.0","Unknown","Unknown",610,NA,NA,260,NA,NA,450,NA,464,NA,390,NA,466,NA,471,NA,420,NA,388,NA,500,NA,406,NA,625,NA,641,NA,525,NA,400,NA,37403.19921875,NA,NA,63229.076171875,NA,NA,155.199996948242,NA,60,NA,75.2000045776367,NA,114.660003662109,NA,89.1800003051758,NA,266.489990234375,NA,83.6599960327148,NA,151.809997558594,NA,114.680000305176,NA,138.669998168945,NA,187.669998168945,NA,73.5,NA,62.7200012207031,NA,NA,NA,NA,NA,NA,NA,NA,NA,NA
"10-OCT-2017",2017-10-10 08:57:18,"2017-10-10","8H 57M 18S","Unknown","2.16.0","Unknown","Unknown",610,NA,NA,260,NA,NA,450,NA,464,NA,390,NA,466,NA,471,NA,420,NA,388,NA,500,NA,406,NA,625,NA,641,NA,525,NA,400,NA,69344.80078125,NA,NA,115306.55859375,NA,NA,509.200012207031,NA,149.600006103516,NA,116.800003051758,NA,340.339996337891,NA,161.070007324219,NA,577.159973144531,NA,383.049987792969,NA,292.339996337891,NA,215.729995727539,NA,274.645004272461,NA,334.915008544922,NA,165.620010375977,NA,108.779998779297,NA,NA,NA,NA,NA,NA,NA,NA,NA,NA
"09-OCT-2017",2017-10-09 09:07:02,"2017-10-09","9H 7M 2S","Unknown","2.16.0","Unknown","Unknown",610,NA,NA,260,NA,NA,450,NA,464,NA,390,NA,466,NA,471,NA,420,NA,388,NA,500,NA,406,NA,625,NA,641,NA,525,NA,400,NA,20926.0009765625,NA,NA,60887.19140625,NA,NA,134.400009155273,NA,51.2000007629395,NA,68,NA,70.9800033569336,NA,69.1600036621094,NA,151.339996337891,NA,59.2200012207031,NA,85.5400009155273,NA,95.879997253418,NA,105.840003967285,NA,139.160003662109,NA,60.7600021362305,NA,51.9400024414062,NA,NA,NA,NA,NA,NA,NA,NA,NA,NA
"06-OCT-2017",2017-10-06 10:23:04,"2017-10-06","10H 23M 4S","Unknown","2.16.0","Unknown","Unknown",610,NA,NA,260,NA,NA,450,NA,464,NA,390,NA,466,NA,471,NA,420,NA,388,NA,500,NA,406,NA,625,NA,641,NA,525,NA,400,NA,106396.8046875,NA,NA,118304.09765625,NA,NA,568.799987792969,NA,196.800003051758,NA,164,NA,405.860015869141,NA,234.780014038086,NA,635.440002441406,NA,441.799987792969,NA,395.739990234375,NA,326.179992675781,NA,368.480010986328,NA,442.960021972656,NA,216.580001831055,NA,154.350006103516,NA,NA,NA,NA,NA,NA,NA,NA,NA,NA
"05-OCT-2017",2017-10-05 09:33:11,"2017-10-05","9H 33M 11S","Unknown","2.16.0","Unknown","Unknown",610,NA,NA,260,NA,NA,450,NA,464,NA,390,NA,466,NA,471,NA,420,NA,388,NA,500,NA,406,NA,625,NA,641,NA,525,NA,400,NA,103326,NA,NA,119249.58984375,NA,NA,570.400024414062,NA,191.199996948242,NA,158.400009155273,NA,398.580017089844,NA,225.68000793457,NA,611.940002441406,NA,422.059997558594,NA,370.359985351562,NA,304.089996337891,NA,358.190002441406,NA,434.140014648438,NA,214.130004882812,NA,150.919998168945,NA,NA,NA,NA,NA,NA,NA,NA,NA,NA
"04-OCT-2017",2017-10-04 11:16:51,"2017-10-04","11H 16M 51S","Unknown","2.16.0","Unknown","Unknown",610,NA,NA,260,NA,NA,450,NA,464,NA,390,NA,466,NA,471,NA,420,NA,388,NA,500,NA,406,NA,625,NA,641,NA,525,NA,400,NA,104093.203125,NA,NA,121141.4765625,NA,NA,513.600036621094,NA,164,NA,132.800003051758,NA,397.670013427734,NA,222.950012207031,NA,591.260009765625,NA,405.139984130859,NA,370.359985351562,NA,288.579986572266,NA,365.540008544922,NA,416.990020751953,NA,217.559997558594,NA,149.449996948242,NA,NA,NA,NA,NA,NA,NA,NA,NA,NA
"03-OCT-2017",2017-10-03 09:04:22,"2017-10-03","9H 4M 22S","Unknown","2.16.0","Unknown","Unknown",610,NA,NA,260,NA,NA,450,NA,464,NA,390,NA,466,NA,471,NA,420,NA,388,NA,500,NA,406,NA,625,NA,641,NA,525,NA,400,NA,19392.80078125,NA,NA,56343.560546875,NA,NA,52.7999992370605,NA,20.8000011444092,NA,32.7999992370605,NA,38.2200012207031,NA,36.4000015258789,NA,79.4300003051758,NA,29.1399993896484,NA,44.1800003051758,NA,51.7000007629395,NA,49.4900016784668,NA,52.9200019836426,NA,29.4000015258789,NA,26.9500007629395,NA,NA,NA,NA,NA,NA,NA,NA,NA,NA
"02-OCT-2017",2017-10-02 11:03:55,"2017-10-02","11H 3M 55S","Unknown","2.16.0","Unknown","",610,NA,NA,260,NA,NA,450,NA,464,NA,390,NA,466,NA,471,NA,420,NA,388,NA,500,NA,406,NA,625,NA,641,NA,525,NA,400,NA,92691.203125,NA,NA,115148.21875,NA,NA,462.399993896484,NA,143.199996948242,NA,112.800003051758,NA,324.869995117188,NA,146.510009765625,NA,488.329986572266,NA,324.299987792969,NA,239.699996948242,NA,189.880004882812,NA,246.470001220703,NA,292.040008544922,NA,147.979995727539,NA,101.430000305176,NA,NA,NA,NA,NA,NA,NA,NA,NA,NA
"29-SEP-2017",2017-09-29 09:01:51,"2017-09-29","9H 1M 51S","Unknown","2.16.0","Unknown","Unknown",610,NA,NA,260,NA,NA,450,NA,464,NA,390,NA,466,NA,471,NA,420,NA,388,NA,500,NA,406,NA,625,NA,641,NA,525,NA,400,NA,21105.6005859375,NA,NA,35285.25,NA,NA,49.6000022888184,NA,18.3999996185303,NA,26.3999996185303,NA,40.9500007629395,NA,35.4900016784668,NA,96.8199996948242,NA,31.0200004577637,NA,48.8800010681152,NA,49.8199996948242,NA,52.4300003051758,NA,66.1500015258789,NA,26.4600009918213,NA,24.0100002288818,NA,NA,NA,NA,NA,NA,NA,NA,NA,NA
"28-SEP-2017",2017-09-28 08:22:51,"2017-09-28","8H 22M 51S","Unknown","2.16.0","Unknown","Unknown",610,NA,NA,260,NA,NA,450,NA,464,NA,390,NA,466,NA,471,NA,420,NA,388,NA,500,NA,406,NA,625,NA,641,NA,525,NA,400,NA,21766.400390625,NA,NA,15975.5053710938,NA,NA,31.2000007629395,NA,14.4000005722046,NA,20,NA,31.8500003814697,NA,27.3000011444092,NA,67.6800003051758,NA,26.3199996948242,NA,38.5400009155273,NA,42.2999992370605,NA,40.6700019836426,NA,46.060001373291,NA,21.0699996948242,NA,19.1100006103516,NA,NA,NA,NA,NA,NA,NA,NA,NA,NA
"27-SEP-2017",2017-09-27 09:53:58,"2017-09-27","9H 53M 58S","Unknown","2.16.0","Unknown","Unknown",610,NA,NA,260,NA,NA,450,NA,464,NA,390,NA,466,NA,471,NA,420,NA,388,NA,500,NA,406,NA,625,NA,641,NA,525,NA,400,NA,20001.6005859375,NA,NA,10807.16015625,NA,NA,28.8000011444092,NA,12.8000001907349,NA,22.3999996185303,NA,27.3000011444092,NA,26.3900012969971,NA,54.5200004577637,NA,23.5,NA,31.9599990844727,NA,36.6599998474121,NA,36.2600021362305,NA,40.1800003051758,NA,19.1100006103516,NA,17.1499996185303,NA,NA,NA,NA,NA,NA,NA,NA,NA,NA
"26-SEP-2017",2017-09-26 09:13:21,"2017-09-26","9H 13M 21S","Unknown","2.16.0","Unknown","Unknown",610,NA,NA,260,NA,NA,450,NA,464,NA,390,NA,466,NA,471,NA,420,NA,388,NA,500,NA,406,NA,625,NA,641,NA,525,NA,400,NA,103650.40234375,NA,NA,115722.4296875,NA,NA,558.000030517578,NA,190.400009155273,NA,160.800003051758,NA,395.850006103516,NA,229.320007324219,NA,635.440002441406,NA,436.160003662109,NA,381.639984130859,NA,317.720001220703,NA,358.679992675781,NA,429.240020751953,NA,211.68000793457,NA,150.43000793457,NA,NA,NA,NA,NA,NA,NA,NA,NA,NA
"25-SEP-2017",2017-09-25 11:10:19,"2017-09-25","11H 10M 19S","Unknown","LSRII","1","Administrator",610,NA,NA,260,NA,NA,450,NA,464,NA,390,NA,466,NA,471,NA,420,NA,388,NA,500,NA,406,NA,625,NA,641,NA,525,NA,400,NA,57431.201171875,NA,NA,60095.947265625,NA,NA,137.600006103516,NA,50.4000015258789,NA,64,NA,80.9900054931641,NA,72.8000030517578,NA,199.75,NA,71.4400024414062,NA,122.199996948242,NA,97.7600021362305,NA,113.925003051758,NA,163.660003662109,NA,61.7400016784668,NA,51.4500007629395,NA,63.43,0,21.34,43.61,0.8,0.91,0.94,0.49,NA
"22-SEP-2017",2017-09-22 08:59:20,"2017-09-22","8H 59M 20S","Unknown","2.16.0","Unknown","Unknown",610,NA,NA,260,NA,NA,450,NA,464,NA,390,NA,466,NA,471,NA,420,NA,388,NA,500,NA,406,NA,625,NA,641,NA,525,NA,400,NA,103649.203125,NA,NA,118614.41015625,NA,NA,576.799987792969,NA,197.600006103516,NA,166.400009155273,NA,408.590026855469,NA,234.780014038086,NA,628.859985351562,NA,441.799987792969,NA,392.920013427734,NA,325.239990234375,NA,369.950012207031,NA,451.779998779297,NA,217.070007324219,NA,157.290008544922,NA,NA,NA,NA,NA,NA,NA,NA,NA,NA
"21-SEP-2017",2017-09-21 10:01:25,"2017-09-21","10H 1M 25S","Unknown","2.16.0","Unknown","Unknown",610,NA,NA,260,NA,NA,450,NA,464,NA,390,NA,466,NA,471,NA,420,NA,388,NA,500,NA,406,NA,625,NA,641,NA,525,NA,400,NA,104594.80078125,NA,NA,121830.80078125,NA,NA,569.600036621094,NA,188.400001525879,NA,156.800003051758,NA,397.670013427734,NA,222.040008544922,NA,629.799987792969,NA,429.579986572266,NA,379.760009765625,NA,294.220001220703,NA,359.415008544922,NA,450.55500793457,NA,208.985008239746,NA,147.245002746582,NA,NA,NA,NA,NA,NA,NA,NA,NA,NA
"20-SEP-2017",2017-09-20 09:56:43,"2017-09-20","9H 56M 43S","Unknown","2.16.0","Unknown","Unknown",610,NA,NA,260,NA,NA,450,NA,464,NA,390,NA,466,NA,471,NA,420,NA,388,NA,500,NA,406,NA,625,NA,641,NA,525,NA,400,NA,102570.3984375,NA,NA,118543.8828125,NA,NA,580.799987792969,NA,195.199996948242,NA,160,NA,403.130004882812,NA,228.410003662109,NA,626.039978027344,NA,430.519989013672,NA,376,NA,349.679992675781,NA,370.929992675781,NA,452.27001953125,NA,219.029998779297,NA,156.800003051758,NA,NA,NA,NA,NA,NA,NA,NA,NA,NA
"18-SEP-2017",2017-09-18 12:20:19,"2017-09-18","12H 20M 19S","Unknown","2.16.0","Unknown","Unknown",610,NA,NA,260,NA,NA,450,NA,464,NA,390,NA,466,NA,471,NA,420,NA,388,NA,500,NA,406,NA,625,NA,641,NA,525,NA,400,NA,105905.6015625,NA,NA,119746.90625,NA,NA,577.600036621094,NA,198.400009155273,NA,163.199996948242,NA,414.960021972656,NA,233.870010375977,NA,639.200012207031,NA,440.859985351562,NA,402.320007324219,NA,328.059997558594,NA,376.809997558594,NA,449.820007324219,NA,218.050003051758,NA,154.839996337891,NA,NA,NA,NA,NA,NA,NA,NA,NA,NA
"13-SEP-2017",2017-09-13 09:09:38,"2017-09-13","9H 9M 38S","Unknown","2.16.0","Unknown","Unknown",610,NA,NA,260,NA,NA,450,NA,464,NA,390,NA,466,NA,471,NA,420,NA,388,NA,500,NA,406,NA,625,NA,641,NA,525,NA,400,NA,22742.3701171875,NA,NA,55018.146484375,NA,NA,68.8000030517578,NA,24,NA,36,NA,46.4099998474121,NA,44.5900001525879,NA,117,NA,40,NA,64,NA,66,NA,64.6800003051758,NA,81.8300018310547,NA,35.7700004577637,NA,30.8700008392334,NA,NA,NA,NA,NA,NA,NA,NA,NA,NA
"12-SEP-2017",2017-09-12 09:56:24,"2017-09-12","9H 56M 24S","Unknown","2.16.0","Unknown","Unknown",610,NA,NA,260,NA,NA,450,NA,464,NA,390,NA,466,NA,471,NA,420,NA,388,NA,500,NA,406,NA,625,NA,641,NA,525,NA,400,NA,102580.0234375,NA,NA,115598.66796875,NA,NA,570.400024414062,NA,185.600006103516,NA,151.199996948242,NA,385.839996337891,NA,212.940002441406,NA,612,NA,405,NA,359,NA,295,NA,352.800018310547,NA,416.5,NA,208.740005493164,NA,145.040008544922,NA,NA,NA,NA,NA,NA,NA,NA,NA,NA
"11-SEP-2017",2017-09-11 10:10:40,"2017-09-11","10H 10M 40S","Unknown","2.16.0","Unknown","Unknown",610,NA,NA,260,NA,NA,450,NA,464,NA,390,NA,466,NA,471,NA,420,NA,388,NA,500,NA,406,NA,625,NA,641,NA,525,NA,400,NA,66078.1796875,NA,NA,81348.99609375,NA,NA,163.199996948242,NA,60.7999992370605,NA,79.2000045776367,NA,108.290000915527,NA,95.5500030517578,NA,316,NA,94,NA,187,NA,125,NA,140.139999389648,NA,198.449996948242,NA,81.8300018310547,NA,65.1699981689453,NA,NA,NA,NA,NA,NA,NA,NA,NA,NA
"08-SEP-2017",2017-09-08 09:23:43,"2017-09-08","9H 23M 43S","Unknown","2.16.0","Unknown","Unknown",610,NA,NA,260,NA,NA,450,NA,464,NA,390,NA,466,NA,471,NA,420,NA,388,NA,500,NA,406,NA,625,NA,641,NA,525,NA,400,NA,101495.02734375,NA,NA,117491.46875,NA,NA,568,NA,184,NA,150.400009155273,NA,382.655014038086,NA,208.389999389648,NA,598,NA,389,NA,343,NA,281,NA,350.839996337891,NA,417.970001220703,NA,205.309997558594,NA,143.570007324219,NA,NA,NA,NA,NA,NA,NA,NA,NA,NA
"07-SEP-2017",2017-09-07 09:08:58,"2017-09-07","9H 8M 58S","Unknown","LSRII","1","Administrator",610,NA,NA,260,NA,NA,450,NA,464,NA,390,NA,466,NA,471,NA,420,NA,388,NA,500,NA,406,NA,625,NA,641,NA,525,NA,400,NA,100707.296875,NA,NA,115761.55859375,NA,NA,568.399993896484,NA,185.600006103516,NA,144.800003051758,NA,369.460021972656,NA,194.740005493164,NA,663,NA,446,NA,357,NA,289,NA,326.339996337891,NA,389.550018310547,NA,193.059997558594,NA,131.320007324219,NA,64.02,0,21.05,43.6,0.8,0.91,1,0.49,NA
"06-SEP-2017",2017-09-06 10:16:52,"2017-09-06","10H 16M 52S","Unknown","2.16.0","Unknown","Unknown",610,NA,NA,260,NA,NA,450,NA,464,NA,390,NA,466,NA,471,NA,420,NA,388,NA,500,NA,406,NA,625,NA,641,NA,525,NA,400,NA,54491.939453125,NA,NA,60611.462890625,NA,NA,156.800003051758,NA,64,NA,87.2000045776367,NA,94.6399993896484,NA,94.6399993896484,NA,193,NA,81,NA,128,NA,122.5,NA,136.955001831055,NA,176.889999389648,NA,76.9300003051758,NA,68.8450012207031,NA,NA,NA,NA,NA,NA,NA,NA,NA,NA
"05-SEP-2017",2017-09-05 10:02:31,"2017-09-05","10H 2M 31S","Unknown","2.16.0","Unknown","Unknown",610,NA,NA,260,NA,NA,450,NA,464,NA,390,NA,466,NA,471,NA,420,NA,388,NA,500,NA,406,NA,625,NA,641,NA,525,NA,400,NA,103402.98046875,NA,NA,117740.80859375,NA,NA,601.600036621094,NA,194.400009155273,NA,156,NA,389.480010986328,NA,208.389999389648,NA,662,NA,449,NA,368,NA,297,NA,344.470001220703,NA,422.380004882812,NA,207.760009765625,NA,144.550003051758,NA,NA,NA,NA,NA,NA,NA,NA,NA,NA
"01-SEP-2017",2017-09-01 12:16:06,"2017-09-01","12H 16M 6S","Unknown","2.16.0","Unknown","Unknown",610,NA,NA,260,NA,NA,450,NA,464,NA,390,NA,466,NA,471,NA,420,NA,388,NA,500,NA,406,NA,625,NA,641,NA,525,NA,400,NA,107352.5390625,NA,NA,118079.78125,NA,NA,572.399993896484,NA,191.199996948242,NA,155.599998474121,NA,407.680023193359,NA,227.500007629395,NA,658,NA,449.5,NA,410,NA,355.5,NA,388.080017089844,NA,460.355010986328,NA,197.715003967285,NA,132.790000915527,NA,NA,NA,NA,NA,NA,NA,NA,NA,NA
"31-JUL-2017",2017-07-31 11:00:24,"2017-07-31","11H 0M 24S","Unknown","LSRII","1","Administrator",NA,NA,NA,610,NA,NA,260,NA,450,NA,464,NA,390,NA,466,NA,471,NA,420,NA,388,NA,500,NA,406,NA,625,NA,641,NA,525,NA,104689.66796875,NA,NA,116586.9296875,NA,NA,634.119995117188,NA,208.330001831055,NA,170.149993896484,NA,402.675003051758,NA,228.410003662109,NA,626.039978027344,NA,418.299987792969,NA,370.359985351562,NA,311.609985351562,NA,380.75,NA,459,NA,222,NA,161,NA,62.53,0,21.29,42.5,0.83,0.91,0.94,0.5,400
"28-JUL-2017",2017-07-28 10:44:13,"2017-07-28","10H 44M 13S","Unknown","LSRII","1","Administrator",NA,NA,NA,610,NA,NA,260,NA,450,NA,464,NA,390,NA,466,NA,471,NA,420,NA,388,NA,500,NA,406,NA,625,NA,641,NA,525,NA,85691.92578125,NA,NA,116235.66796875,NA,NA,554.440002441406,NA,165.584999084473,NA,126.98999786377,NA,366.730010986328,NA,187.460006713867,NA,639.200012207031,NA,407.959991455078,NA,358.139984130859,NA,253.800003051758,NA,326.5,NA,411,NA,186.5,NA,122.5,NA,62.53,0,21.29,42.5,0.83,0.91,0.94,0.5,400
"27-JUL-2017",2017-07-27 09:48:36,"2017-07-27","9H 48M 36S","Unknown","LSRII","1","Administrator",NA,NA,NA,610,NA,NA,260,NA,450,NA,464,NA,390,NA,466,NA,471,NA,420,NA,388,NA,500,NA,406,NA,625,NA,641,NA,525,NA,74796.20703125,NA,NA,116461.34765625,NA,NA,546.969970703125,NA,148.56999206543,NA,116.199996948242,NA,352.170013427734,NA,175.630004882812,NA,591.260009765625,NA,374.119995117188,NA,338.399993896484,NA,229.360000610352,NA,329,NA,406.5,NA,182,NA,119,NA,62.53,0,21.29,42.5,0.83,0.91,0.94,0.5,400
"26-JUL-2017",2017-07-26 09:58:48,"2017-07-26","9H 58M 48S","Unknown","LSRII","1","Administrator",NA,NA,NA,610,NA,NA,260,NA,450,NA,464,NA,390,NA,466,NA,471,NA,420,NA,388,NA,500,NA,406,NA,625,NA,641,NA,525,NA,101969.28125,NA,NA,117181.6171875,NA,NA,562.739990234375,NA,174.300003051758,NA,136.119995117188,NA,376.740020751953,NA,204.75,NA,598.779968261719,NA,392.920013427734,NA,364.720001220703,NA,277.299987792969,NA,362,NA,426.75,NA,206,NA,140.25,NA,62.53,0,21.29,42.5,0.83,0.91,0.94,0.5,400
"25-JUL-2017",2017-07-25 09:58:01,"2017-07-25","9H 58M 1S","Unknown","LSRII","1","Administrator",NA,NA,NA,610,NA,NA,260,NA,450,NA,464,NA,390,NA,466,NA,471,NA,420,NA,388,NA,500,NA,406,NA,625,NA,641,NA,525,NA,103283.91015625,NA,NA,117521.5,NA,NA,602.580017089844,NA,189.239990234375,NA,151.889999389648,NA,382.200012207031,NA,210.210006713867,NA,619.930023193359,NA,405.139984130859,NA,366.600006103516,NA,279.179992675781,NA,366,NA,440.5,NA,209,NA,142.5,NA,62.53,0,21.29,42.5,0.83,0.91,0.94,0.5,400
"24-JUL-2017",2017-07-24 10:45:30,"2017-07-24","10H 45M 30S","Unknown","LSRII","1","Administrator",NA,NA,NA,610,NA,NA,260,NA,450,NA,464,NA,390,NA,466,NA,471,NA,420,NA,388,NA,500,NA,406,NA,625,NA,641,NA,525,NA,101179.93359375,NA,NA,115290.1796875,NA,NA,615.859985351562,NA,193.389999389648,NA,156.039993286133,NA,386.75,NA,215.670013427734,NA,620.400024414062,NA,415.480010986328,NA,375.059997558594,NA,284.820007324219,NA,363,NA,455,NA,212,NA,145.5,NA,62.53,0,21.29,42.5,0.83,0.91,0.94,0.5,400
"21-JUL-2017",2017-07-21 11:14:31,"2017-07-21","11H 14M 31S","Unknown","LSRII","1","Administrator",NA,NA,NA,610,NA,NA,260,NA,450,NA,464,NA,390,NA,466,NA,471,NA,420,NA,388,NA,500,NA,406,NA,625,NA,641,NA,525,NA,109983.828125,NA,NA,121473.171875,NA,NA,638.684967041016,NA,212.894996643066,NA,180.940002441406,NA,414.960006713867,NA,239.785003662109,NA,670.219970703125,NA,454.019989013672,NA,384.459991455078,NA,328.529998779297,NA,371.75,NA,446.75,NA,227.25,NA,162,NA,62.5,0,21.29,42.5,0.83,0.91,0.94,0.5,400
"20-JUL-2017",2017-07-20 09:53:52,"2017-07-20","9H 53M 52S","Unknown","LSRII","1","Administrator",NA,NA,NA,610,NA,NA,260,NA,450,NA,464,NA,390,NA,466,NA,471,NA,420,NA,388,NA,500,NA,406,NA,625,NA,641,NA,525,NA,104671.84375,NA,NA,117447.3359375,NA,NA,639.099975585938,NA,206.669998168945,NA,170.979995727539,NA,396.760009765625,NA,223.860000610352,NA,627.919982910156,NA,423.940002441406,NA,375.059997558594,NA,311.139984130859,NA,372.5,NA,459.5,NA,220.5,NA,155,NA,62.53,0,21.29,42.5,0.83,0.91,0.94,0.5,400
"18-JUL-2017",2017-07-18 09:57:53,"2017-07-18","9H 57M 53S","Unknown","LSRII","1","Administrator",NA,NA,NA,610,NA,NA,260,NA,450,NA,464,NA,390,NA,466,NA,471,NA,420,NA,388,NA,500,NA,406,NA,625,NA,641,NA,525,NA,105897.375,NA,NA,118516.12890625,NA,NA,632.4599609375,NA,210.81999206543,NA,177.619995117188,NA,407.680023193359,NA,229.320007324219,NA,645.779968261719,NA,436.160003662109,NA,389.160003662109,NA,319.600006103516,NA,382,NA,459.5,NA,222,NA,161,NA,62.53,0,21.29,42.5,0.83,0.91,0.94,0.5,400
"17-JUL-2017",2017-07-17 10:20:55,"2017-07-17","10H 20M 55S","Unknown","LSRII","1","Administrator",NA,NA,NA,610,NA,NA,260,NA,450,NA,464,NA,390,NA,466,NA,471,NA,420,NA,388,NA,500,NA,406,NA,625,NA,641,NA,525,NA,104304.9140625,NA,NA,117543.796875,NA,NA,638.269958496094,NA,209.15998840332,NA,169.31999206543,NA,403.130004882812,NA,230.230010986328,NA,633.559997558594,NA,423.940002441406,NA,382.579986572266,NA,312.079986572266,NA,372,NA,447.5,NA,222.5,NA,159.5,NA,62.53,0,21.29,42.5,0.83,0.91,0.94,0.5,400
"14-JUL-2017",2017-07-14 09:57:46,"2017-07-14","9H 57M 46S","Unknown","LSRII","1","Administrator",NA,NA,NA,610,NA,NA,260,NA,450,NA,464,NA,390,NA,466,NA,471,NA,420,NA,388,NA,500,NA,406,NA,625,NA,641,NA,525,NA,105993.765625,NA,NA,119120.3671875,NA,NA,662.339965820312,NA,220.779998779297,NA,180.940002441406,NA,412.230010986328,NA,235.690002441406,NA,651.419982910156,NA,442.739990234375,NA,393.859985351562,NA,325.239990234375,NA,383,NA,468.5,NA,228.75,NA,163,NA,62.53,0,21.29,42.5,0.83,0.91,0.94,0.5,400
"13-JUL-2017",2017-07-13 10:58:50,"2017-07-13","10H 58M 50S","Unknown","LSRII","1","Administrator",NA,NA,NA,610,NA,NA,260,NA,450,NA,464,NA,390,NA,466,NA,471,NA,420,NA,388,NA,500,NA,406,NA,625,NA,641,NA,525,NA,108463.453125,NA,NA,119295.54296875,NA,NA,646.570007324219,NA,219.119995117188,NA,178.449996948242,NA,411.320007324219,NA,236.600006103516,NA,674.919982910156,NA,452.139984130859,NA,391.040008544922,NA,323.359985351562,NA,374.5,NA,462.5,NA,219.5,NA,161,NA,62.53,0,21.29,42.5,0.83,0.91,0.94,0.5,400
"12-JUL-2017",2017-07-12 08:57:10,"2017-07-12","8H 57M 10S","Unknown","LSRII","1","Administrator",NA,NA,NA,610,NA,NA,260,NA,450,NA,464,NA,390,NA,466,NA,471,NA,420,NA,388,NA,500,NA,406,NA,625,NA,641,NA,525,NA,106342.47265625,NA,NA,119559.4453125,NA,NA,669.809997558594,NA,222.440002441406,NA,183.429992675781,NA,415.870025634766,NA,237.510009765625,NA,653.299987792969,NA,436.160003662109,NA,388.220001220703,NA,328.059997558594,NA,386.5,NA,474,NA,230.5,NA,168.5,NA,62.53,0,21.29,42.5,0.83,0.91,0.94,0.5,400
"11-JUL-2017",2017-07-11 09:36:19,"2017-07-11","9H 36M 19S","Unknown","LSRII","1","Administrator",NA,NA,NA,610,NA,NA,260,NA,450,NA,464,NA,390,NA,466,NA,471,NA,420,NA,388,NA,500,NA,406,NA,625,NA,641,NA,525,NA,105360.75,NA,NA,119749.6328125,NA,NA,649.890014648438,NA,219.119995117188,NA,183.429992675781,NA,418.600006103516,NA,240.240005493164,NA,650.47998046875,NA,440.859985351562,NA,399.5,NA,331.820007324219,NA,390,NA,469.5,NA,228.5,NA,169.75,NA,62.53,0,21.29,42.5,0.83,0.91,0.94,0.5,400
"10-JUL-2017",2017-07-10 10:19:32,"2017-07-10","10H 19M 32S","Unknown","LSRII","1","Administrator",NA,NA,NA,610,NA,NA,260,NA,450,NA,464,NA,390,NA,466,NA,471,NA,420,NA,388,NA,500,NA,406,NA,625,NA,641,NA,525,NA,105665.71484375,NA,NA,120108.62890625,NA,NA,682.260009765625,NA,221.610000610352,NA,183.429992675781,NA,422.240020751953,NA,248.43000793457,NA,636.380004882812,NA,426.760009765625,NA,390.100006103516,NA,324.299987792969,NA,395.5,NA,491.5,NA,232.5,NA,171,NA,62.53,0,21.29,42.5,0.83,0.91,0.94,0.5,400
"07-JUL-2017",2017-07-07 11:01:32,"2017-07-07","11H 1M 32S","Unknown","LSRII","1","Administrator",NA,NA,NA,610,NA,NA,260,NA,450,NA,464,NA,390,NA,466,NA,471,NA,420,NA,388,NA,500,NA,406,NA,625,NA,641,NA,525,NA,106425.90234375,NA,NA,118953.83984375,NA,NA,633.289978027344,NA,209.15998840332,NA,172.639999389648,NA,415.870025634766,NA,234.780014038086,NA,654.239990234375,NA,446.5,NA,396.679992675781,NA,316.779998779297,NA,381,NA,464.5,NA,223.25,NA,163,NA,62.53,0,21.29,42.5,0.83,0.91,0.94,0.5,400
"06-JUL-2017",2017-07-06 11:21:29,"2017-07-06","11H 21M 29S","Unknown","LSRII","1","Administrator",NA,NA,NA,610,NA,NA,260,NA,450,NA,464,NA,390,NA,466,NA,471,NA,420,NA,388,NA,500,NA,406,NA,625,NA,641,NA,525,NA,107343.6328125,NA,NA,119309.1953125,NA,NA,639.099975585938,NA,209.989990234375,NA,173.470001220703,NA,408.590026855469,NA,224.770004272461,NA,659.880004882812,NA,443.679992675781,NA,385.399993896484,NA,308.320007324219,NA,373,NA,450,NA,215.5,NA,159.5,NA,62.53,0,21.29,42.5,0.83,0.91,0.94,0.5,400
"05-JUL-2017",2017-07-05 10:23:59,"2017-07-05","10H 23M 59S","Unknown","LSRII","1","Administrator",NA,NA,NA,610,NA,NA,260,NA,450,NA,464,NA,390,NA,466,NA,471,NA,420,NA,388,NA,500,NA,406,NA,625,NA,641,NA,525,NA,106065.046875,NA,NA,119120.8203125,NA,NA,635.364990234375,NA,205.009994506836,NA,174.300003051758,NA,409.5,NA,225.225006103516,NA,644.839996337891,NA,438.040008544922,NA,400.440002441406,NA,319.130004882812,NA,381.75,NA,451.25,NA,224.5,NA,156.25,NA,62.53,0,21.29,42.5,0.83,0.91,0.94,0.5,400
"03-JUL-2017",2017-07-03 11:00:23,"2017-07-03","11H 0M 23S","Unknown","LSRII","1","Administrator",NA,NA,NA,610,NA,NA,260,NA,450,NA,464,NA,390,NA,466,NA,471,NA,420,NA,388,NA,500,NA,406,NA,625,NA,641,NA,525,NA,103288.7734375,NA,NA,117699.859375,NA,NA,650.304992675781,NA,209.989990234375,NA,174.300003051758,NA,404.950012207031,NA,222.040008544922,NA,636.380004882812,NA,431.459991455078,NA,393.389999389648,NA,308.320007324219,NA,379.75,NA,463.75,NA,221.5,NA,161.5,NA,62.53,0,21.29,42.5,0.83,0.91,0.94,0.5,400
"30-JUN-2017",2017-06-30 09:13:24,"2017-06-30","9H 13M 24S","Unknown","LSRII","1","Administrator",NA,NA,NA,610,NA,NA,260,NA,450,NA,464,NA,390,NA,466,NA,471,NA,420,NA,388,NA,500,NA,406,NA,625,NA,641,NA,525,NA,105130.3046875,NA,NA,117017.359375,NA,NA,620.010009765625,NA,205.839996337891,NA,171.809997558594,NA,404.040008544922,NA,226.59001159668,NA,625.099975585938,NA,424.880004882812,NA,376,NA,306.440002441406,NA,370.5,NA,439,NA,216.5,NA,158,NA,62.53,0,21.29,42.5,0.83,0.91,0.94,0.5,400
"29-JUN-2017",2017-06-29 10:54:21,"2017-06-29","10H 54M 21S","Unknown","LSRII","1","Administrator",NA,NA,NA,610,NA,NA,260,NA,450,NA,464,NA,390,NA,466,NA,471,NA,420,NA,388,NA,500,NA,406,NA,625,NA,641,NA,525,NA,102984.61328125,NA,NA,115940.828125,NA,NA,622.5,NA,205.839996337891,NA,166,NA,406.77001953125,NA,227.5,NA,598.779968261719,NA,402.320007324219,NA,374.119995117188,NA,315.839996337891,NA,384.75,NA,454.5,NA,228.75,NA,166.5,NA,62.53,0,21.29,42.5,0.83,0.91,0.94,0.5,400
"28-JUN-2017",2017-06-28 10:21:55,"2017-06-28","10H 21M 55S","Unknown","LSRII","1","Administrator",NA,NA,NA,610,NA,NA,260,NA,450,NA,464,NA,390,NA,466,NA,471,NA,420,NA,388,NA,500,NA,406,NA,625,NA,641,NA,525,NA,104948.4609375,NA,NA,119662.7265625,NA,NA,636.609985351562,NA,211.649993896484,NA,179.279998779297,NA,409.5,NA,237.510009765625,NA,571.52001953125,NA,379.760009765625,NA,358.139984130859,NA,308.320007324219,NA,390,NA,471.5,NA,229.5,NA,169,NA,62.53,0,21.29,42.5,0.83,0.91,0.94,0.5,400
"26-JUN-2017",2017-06-26 10:19:53,"2017-06-26","10H 19M 53S","Unknown","LSRII","1","Administrator",NA,NA,NA,610,NA,NA,260,NA,450,NA,464,NA,390,NA,466,NA,471,NA,420,NA,388,NA,500,NA,406,NA,625,NA,641,NA,525,NA,104058.26953125,NA,NA,119755.546875,NA,NA,658.190002441406,NA,193.389999389648,NA,158.529998779297,NA,415.870025634766,NA,228.410003662109,NA,603.47998046875,NA,396.679992675781,NA,382.579986572266,NA,314.899993896484,NA,400,NA,517,NA,211.5,NA,143,NA,62.5,0,21,42.5,0.83,0.91,0.94,0.5,400
"23-JUN-2017",2017-06-23 14:06:42,"2017-06-23","14H 6M 42S","Unknown","LSRII","1","Administrator",NA,NA,NA,610,NA,NA,260,NA,450,NA,464,NA,390,NA,466,NA,471,NA,420,NA,388,NA,500,NA,406,NA,625,NA,641,NA,525,NA,109242.2734375,NA,NA,118489.28125,NA,NA,638.269958496094,NA,215.800003051758,NA,186.75,NA,421.330017089844,NA,242.970001220703,NA,659.880004882812,NA,457.779998779297,NA,407.959991455078,NA,351.559997558594,NA,384,NA,478,NA,217,NA,160,NA,62.5,0,21,42.5,0.83,0.91,0.94,0.5,400
"21-JUN-2017",2017-06-21 10:35:45,"2017-06-21","10H 35M 45S","Unknown","LSRII","1","Administrator",NA,NA,NA,610,NA,NA,260,NA,450,NA,464,NA,390,NA,466,NA,471,NA,420,NA,388,NA,500,NA,406,NA,625,NA,641,NA,525,NA,106955.234375,NA,NA,120736.0703125,NA,NA,580.169982910156,NA,168.489990234375,NA,132.800003051758,NA,405.860015869141,NA,206.570007324219,NA,650.47998046875,NA,443.679992675781,NA,383.519989013672,NA,302.679992675781,NA,346,NA,444.5,NA,183,NA,123,NA,62.53,0,21.29,42.5,0.83,0.91,0.94,0.5,400
"19-JUN-2017",2017-06-19 15:44:32,"2017-06-19","15H 44M 32S","Unknown","LSRII","1","Administrator",NA,NA,NA,610,NA,NA,260,NA,450,NA,464,NA,390,NA,466,NA,471,NA,420,NA,388,NA,500,NA,406,NA,625,NA,641,NA,525,NA,106881.12109375,NA,NA,118275.88671875,NA,NA,627.47998046875,NA,214.970001220703,NA,180.940002441406,NA,407.680023193359,NA,232.960006713867,NA,655.179992675781,NA,454.019989013672,NA,397.619995117188,NA,325.239990234375,NA,376.5,NA,466,NA,213.5,NA,158.5,NA,62.53,0,21.29,42.5,0.83,0.91,0.94,0.5,400
"16-JUN-2017",2017-06-16 10:15:21,"2017-06-16","10H 15M 21S","Unknown","LSRII","1","Administrator",NA,NA,NA,610,NA,NA,260,NA,450,NA,464,NA,390,NA,466,NA,471,NA,420,NA,388,NA,500,NA,406,NA,625,NA,641,NA,525,NA,106468.42578125,NA,NA,118853.28515625,NA,NA,629.969970703125,NA,216.629989624023,NA,176.789993286133,NA,412.230010986328,NA,246.155006408691,NA,648.599975585938,NA,455.899993896484,NA,406.549987792969,NA,335.579986572266,NA,396.5,NA,491,NA,231,NA,172,NA,62.53,0,21.29,42.5,0.83,0.91,0.94,0.5,400
"15-JUN-2017",2017-06-15 11:03:42,"2017-06-15","11H 3M 42S","Unknown","LSRII","1","Administrator",NA,NA,NA,610,NA,NA,260,NA,450,NA,464,NA,390,NA,466,NA,471,NA,420,NA,388,NA,500,NA,406,NA,625,NA,641,NA,525,NA,105412.58984375,NA,NA,119783.7578125,NA,NA,627.47998046875,NA,211.649993896484,NA,178.449996948242,NA,404.040008544922,NA,227.5,NA,634.5,NA,438.040008544922,NA,358.139984130859,NA,325.239990234375,NA,379,NA,462.5,NA,219.75,NA,161,NA,62.53,0,21.29,42.5,0.83,0.91,0.94,0.5,400
"14-JUN-2017",2017-06-14 14:12:30,"2017-06-14","14H 12M 30S","Unknown","LSRII","1","Administrator",NA,NA,NA,610,NA,NA,260,NA,450,NA,464,NA,390,NA,466,NA,471,NA,420,NA,388,NA,500,NA,406,NA,625,NA,641,NA,525,NA,105660.046875,NA,NA,120386.6328125,NA,NA,633.289978027344,NA,218.289993286133,NA,182.599990844727,NA,410.410003662109,NA,240.240005493164,NA,659.880004882812,NA,451.200012207031,NA,378.820007324219,NA,344.040008544922,NA,390.5,NA,479,NA,229.5,NA,165.5,NA,62.53,0,21.29,42.5,0.83,0.91,0.94,0.5,400
"13-JUN-2017",2017-06-13 10:36:11,"2017-06-13","10H 36M 11S","Unknown","LSRII","1","Administrator",NA,NA,NA,610,NA,NA,260,NA,450,NA,464,NA,390,NA,466,NA,471,NA,420,NA,388,NA,500,NA,406,NA,625,NA,641,NA,525,NA,106874.234375,NA,NA,117693.9453125,NA,NA,647.399963378906,NA,219.119995117188,NA,184.259994506836,NA,409.5,NA,236.600006103516,NA,650.47998046875,NA,445.559997558594,NA,365.660003662109,NA,331.350006103516,NA,386,NA,477,NA,227.5,NA,167,NA,62.53,0,21.29,42.5,0.83,0.91,0.94,0.5,400
"09-JUN-2017",2017-06-09 11:07:55,"2017-06-09","11H 7M 55S","Unknown","LSRII","1","Administrator",NA,NA,NA,610,NA,NA,260,NA,450,NA,464,NA,390,NA,466,NA,471,NA,420,NA,388,NA,500,NA,406,NA,625,NA,641,NA,525,NA,106612.203125,NA,NA,118288.171875,NA,NA,654.039978027344,NA,221.610000610352,NA,185.089996337891,NA,411.320007324219,NA,241.150009155273,NA,624.159973144531,NA,431.459991455078,NA,353.440002441406,NA,325.239990234375,NA,395.5,NA,476,NA,231.5,NA,169.5,NA,62.53,0,21.29,42.5,0.83,0.91,0.94,0.5,400
"08-JUN-2017",2017-06-08 17:10:43,"2017-06-08","17H 10M 43S","Unknown","LSRII","1","Administrator",NA,NA,NA,610,NA,NA,260,NA,450,NA,464,NA,390,NA,466,NA,471,NA,420,NA,388,NA,500,NA,406,NA,625,NA,641,NA,525,NA,92182.046875,NA,NA,117160.68359375,NA,NA,589.714996337891,NA,172.224998474121,NA,136.119995117188,NA,373.55500793457,NA,188.825004577637,NA,569.170013427734,NA,381.169998168945,NA,309.260009765625,NA,266.959991455078,NA,342.25,NA,425.25,NA,178.5,NA,124.75,NA,62.53,0,21.29,42.5,0.83,0.91,0.94,0.5,400
"07-JUN-2017",2017-06-07 09:18:59,"2017-06-07","9H 18M 59S","Unknown","LSRII","1","Administrator",NA,NA,NA,610,NA,NA,260,NA,450,NA,464,NA,390,NA,466,NA,471,NA,420,NA,388,NA,500,NA,406,NA,625,NA,641,NA,525,NA,102494.96875,NA,NA,119963.48046875,NA,NA,642.419982910156,NA,199.199996948242,NA,162.679992675781,NA,404.950012207031,NA,222.495010375977,NA,587.5,NA,407.959991455078,NA,337.459991455078,NA,298.920013427734,NA,382.5,NA,471.75,NA,211.5,NA,152.5,NA,62.53,0,21.29,42.5,0.83,0.91,0.94,0.5,400
"05-JUN-2017",2017-06-05 10:01:11,"2017-06-05","10H 1M 11S","Unknown","LSRII","1","Administrator",NA,NA,NA,610,NA,NA,260,NA,450,NA,464,NA,390,NA,466,NA,471,NA,420,NA,388,NA,500,NA,406,NA,625,NA,641,NA,525,NA,103754.51953125,NA,NA,121100.984375,NA,NA,636.609985351562,NA,200.029998779297,NA,165.169998168945,NA,409.5,NA,224.770004272461,NA,614.760009765625,NA,427.700012207031,NA,349.679992675781,NA,301.739990234375,NA,378.5,NA,468,NA,212.5,NA,154,NA,62.53,0,21.29,42.5,0.83,0.91,0.94,0.5,400
"02-JUN-2017",2017-06-02 09:08:40,"2017-06-02","9H 8M 40S","Unknown","LSRII","1","Administrator",NA,NA,NA,610,NA,NA,260,NA,450,NA,464,NA,390,NA,466,NA,471,NA,420,NA,388,NA,500,NA,406,NA,625,NA,641,NA,525,NA,105599.296875,NA,NA,119732.34375,NA,NA,656.114990234375,NA,209.989990234375,NA,176.789993286133,NA,410.410003662109,NA,230.230010986328,NA,541.440002441406,NA,368.480010986328,NA,311.139984130859,NA,295.160003662109,NA,392.5,NA,488.5,NA,221.5,NA,162,NA,62.53,0,21.29,42.5,0.83,0.91,0.94,0.5,400
"01-JUN-2017",2017-06-01 10:01:19,"2017-06-01","10H 1M 19S","Unknown","LSRII","1","Administrator",NA,NA,NA,610,NA,NA,260,NA,450,NA,464,NA,390,NA,466,NA,471,NA,420,NA,388,NA,500,NA,406,NA,625,NA,641,NA,525,NA,106683.4765625,NA,NA,119911.16015625,NA,NA,659.849975585938,NA,214.970001220703,NA,182.599990844727,NA,411.320007324219,NA,230.230010986328,NA,599.719970703125,NA,410.779998779297,NA,341.690002441406,NA,310.200012207031,NA,390.25,NA,487.5,NA,224.5,NA,162,NA,62.53,0,21.29,42.5,0.83,0.91,0.94,0.5,400
"31-MAY-2017",2017-05-31 10:57:51,"2017-05-31","10H 57M 51S","Unknown","2.16.0","Unknown","Unknown",610,NA,NA,260,NA,NA,450,NA,464,NA,390,NA,466,NA,471,NA,420,NA,388,NA,500,NA,406,NA,625,NA,641,NA,525,NA,400,NA,107047.9765625,NA,NA,118160.7734375,NA,NA,655.700012207031,NA,216.629989624023,NA,181.769989013672,NA,414.960021972656,NA,237.510009765625,NA,656.119995117188,NA,454.959991455078,NA,364.720001220703,NA,329,NA,383.5,NA,476,NA,228.5,NA,170,NA,NA,NA,NA,NA,NA,NA,NA,NA,NA
"30-MAY-2017",2017-05-30 08:47:30,"2017-05-30","8H 47M 30S","Unknown","2.16.0","Unknown","Unknown",610,NA,NA,260,NA,NA,450,NA,464,NA,390,NA,466,NA,471,NA,420,NA,388,NA,500,NA,406,NA,625,NA,641,NA,525,NA,400,NA,106212.05859375,NA,NA,119838.359375,NA,NA,664,NA,217.459991455078,NA,181.769989013672,NA,408.590026855469,NA,235.690002441406,NA,625.099975585938,NA,432.399993896484,NA,355.320007324219,NA,314.899993896484,NA,381,NA,469.25,NA,228,NA,166,NA,NA,NA,NA,NA,NA,NA,NA,NA,NA
"26-MAY-2017",2017-05-26 08:58:11,"2017-05-26","8H 58M 11S","Unknown","2.16.0","Unknown","Unknown",610,NA,NA,260,NA,NA,450,NA,464,NA,390,NA,466,NA,471,NA,420,NA,388,NA,500,NA,406,NA,625,NA,641,NA,525,NA,400,NA,102774.421875,NA,NA,119185.4296875,NA,NA,657.359985351562,NA,214.970001220703,NA,183.429992675781,NA,406.77001953125,NA,235.690002441406,NA,598.779968261719,NA,415.480010986328,NA,341.220001220703,NA,306.440002441406,NA,387,NA,481.5,NA,230,NA,165.5,NA,NA,NA,NA,NA,NA,NA,NA,NA,NA
"25-MAY-2017",2017-05-25 20:46:05,"2017-05-25","20H 46M 5S","Unknown","2.16.0","Unknown","Unknown",610,NA,NA,260,NA,NA,450,NA,464,NA,390,NA,466,NA,471,NA,420,NA,388,NA,500,NA,406,NA,625,NA,641,NA,525,NA,400,NA,106253.37109375,NA,NA,119421.125,NA,NA,660.679992675781,NA,226.589996337891,NA,189.239990234375,NA,409.5,NA,238.420013427734,NA,643.900024414062,NA,451.200012207031,NA,369.420013427734,NA,324.299987792969,NA,390,NA,488.5,NA,229,NA,169,NA,NA,NA,NA,NA,NA,NA,NA,NA,NA
"25-MAY-2017",2017-05-25 20:46:05,"2017-05-25","20H 46M 5S","Unknown","2.16.0","Unknown","Unknown",610,NA,NA,260,NA,NA,450,NA,464,NA,390,NA,466,NA,471,NA,420,NA,388,NA,500,NA,406,NA,625,NA,641,NA,525,NA,400,NA,106253.37109375,NA,NA,119421.125,NA,NA,660.679992675781,NA,226.589996337891,NA,189.239990234375,NA,409.5,NA,238.420013427734,NA,643.900024414062,NA,451.200012207031,NA,369.420013427734,NA,324.299987792969,NA,390,NA,488.5,NA,229,NA,169,NA,NA,NA,NA,NA,NA,NA,NA,NA,NA
