"SAMPLE","DateTime","DATE","TIME","Timepoint","CYT","CYTSN","OP","FSC-A_Gain","FSC-H_Gain","SSC-A_Gain","SSC-H_Gain","FSC-A","FSC-H","SSC-A","SSC-H","Red_LaserDelay","Blue_LaserDelay","Violet_LaserDelay","yellow green_LaserDelay","Red_AreaScalingFactor","Blue_AreaScalingFactor","Violet_AreaScalingFactor","yellow green_AreaScalingFactor","R670-A_Gain","R730-A_Gain","R780-A_Gain","B530-A_Gain","B710-A_Gain","V450-A_Gain","V525-A_Gain","V610-A_Gain","V670-A_Gain","Y590-A_Gain","Y615-A_Gain","Y710-A_Gain","Y780-A_Gain","R670-A","R730-A","R780-A","B530-A","B710-A","V450-A","V525-A","V610-A","V670-A","Y590-A","Y615-A","Y710-A","Y780-A","FSC-W_Gain","SSC-W_Gain","R670-H_Gain","R730-H_Gain","R780-H_Gain","B530-H_Gain","B710-H_Gain","V450-H_Gain","V525-H_Gain","V610-H_Gain","V670-H_Gain","Y590-H_Gain","Y615-H_Gain","Y710-H_Gain","Y780-H_Gain","FSC-W","SSC-W","R670-H","R730-H","R780-H","B530-H","B710-H","V450-H","V525-H","V610-H","V670-H","Y590-H","Y615-H","Y710-H","Y780-H","Time_Gain"
"21-DEC-2017",2017-12-21 09:48:57,"2017-12-21","9H 48M 57S","Unknown","2.16.0","Unknown","Unknown",610,NA,260,NA,79327.20703125,NA,114305.3671875,NA,NA,NA,NA,NA,NA,NA,NA,NA,450,464,390,466,471,420,388,500,406,625,641,525,400,591.679992675781,191.349998474121,162.970008850098,357.584991455078,204.600006103516,507.779998779297,362.235000610352,378.045013427734,290.625,341,411.25,196,130,NA,NA,NA,NA,NA,NA,NA,NA,NA,NA,NA,NA,NA,NA,NA,NA,NA,NA,NA,NA,NA,NA,NA,NA,NA,NA,NA,NA,NA,NA,NA
"20-DEC-2017",2017-12-20 08:48:53,"2017-12-20","8H 48M 53S","Unknown","2.16.0","Unknown","Unknown",610,NA,260,NA,79906.94921875,NA,114345.359375,NA,NA,NA,NA,NA,NA,NA,NA,NA,450,464,390,466,471,420,388,500,406,625,641,525,400,604.580017089844,198.660003662109,166.839996337891,358.049987792969,198.089996337891,530.099975585938,376.649993896484,353.399993896484,280.860015869141,334.25,426.5,191.5,130.5,NA,NA,NA,NA,NA,NA,NA,NA,NA,NA,NA,NA,NA,NA,NA,NA,NA,NA,NA,NA,NA,NA,NA,NA,NA,NA,NA,NA,NA,NA,NA
"19-DEC-2017",2017-12-19 08:35:41,"2017-12-19","8H 35M 41S","Unknown","2.16.0","Unknown","Unknown",610,NA,260,NA,78042.6796875,NA,112083.13671875,NA,NA,NA,NA,NA,NA,NA,NA,NA,450,464,390,466,471,420,388,500,406,625,641,525,400,578.780029296875,190.919998168945,156.520004272461,345.029998779297,188.790008544922,510.570007324219,363.630004882812,334.799987792969,271.559997558594,313.5,392,182.5,122.5,NA,NA,NA,NA,NA,NA,NA,NA,NA,NA,NA,NA,NA,NA,NA,NA,NA,NA,NA,NA,NA,NA,NA,NA,NA,NA,NA,NA,NA,NA,NA
"18-DEC-2017",2017-12-18 09:36:47,"2017-12-18","9H 36M 47S","Unknown","LSRII","1","Administrator",610,NA,260,NA,72900.87109375,NA,109451.23828125,NA,59.73,0,20.42,39.51,0.86,0.93,0.93,0.5,450,464,390,466,471,420,388,500,406,625,641,525,400,492.779998779297,124.700004577637,113.520004272461,245.985000610352,123.225002288818,449.190002441406,318.059997558594,279.464996337891,179.955001831055,220.25,266.5,119.75,84,NA,NA,NA,NA,NA,NA,NA,NA,NA,NA,NA,NA,NA,NA,NA,NA,NA,NA,NA,NA,NA,NA,NA,NA,NA,NA,NA,NA,NA,NA,NA
"15-DEC-2017",2017-12-15 14:49:25,"2017-12-15","14H 49M 25S","Unknown","2.16.0","Unknown","Unknown",610,NA,260,NA,81363.6796875,NA,112814.578125,NA,NA,NA,NA,NA,NA,NA,NA,NA,450,464,390,466,471,420,388,500,406,625,641,525,400,598.559997558594,211.559997558594,185.760009765625,365.489990234375,214.830001831055,524.52001953125,384.089996337891,360.839996337891,313.410003662109,355,443,202.5,140.5,NA,NA,NA,NA,NA,NA,NA,NA,NA,NA,NA,NA,NA,NA,NA,NA,NA,NA,NA,NA,NA,NA,NA,NA,NA,NA,NA,NA,NA,NA,NA
"14-DEC-2017",2017-12-14 08:22:13,"2017-12-14","8H 22M 13S","Unknown","2.16.0","Unknown","Unknown",610,NA,260,NA,98245.5,NA,115234.4375,NA,NA,NA,NA,NA,NA,NA,NA,NA,450,464,390,466,471,420,388,500,406,625,641,525,400,623.5,210.699996948242,175.440002441406,366.420013427734,211.110000610352,524.52001953125,375.720001220703,366.420013427734,308.295013427734,346.75,438,202.5,140,NA,NA,NA,NA,NA,NA,NA,NA,NA,NA,NA,NA,NA,NA,NA,NA,NA,NA,NA,NA,NA,NA,NA,NA,NA,NA,NA,NA,NA,NA,NA
"13-DEC-2017",2017-12-13 09:17:04,"2017-12-13","9H 17M 4S","Unknown","2.16.0","Unknown","Unknown",610,NA,260,NA,81022.55859375,NA,114841.984375,NA,NA,NA,NA,NA,NA,NA,NA,NA,450,464,390,466,471,420,388,500,406,625,641,525,400,629.090026855469,208.980010986328,174.580001831055,365.489990234375,216.690002441406,528.239990234375,379.440002441406,365.489990234375,302.25,357,450,207,143.5,NA,NA,NA,NA,NA,NA,NA,NA,NA,NA,NA,NA,NA,NA,NA,NA,NA,NA,NA,NA,NA,NA,NA,NA,NA,NA,NA,NA,NA,NA,NA
"12-DEC-2017",2017-12-12 09:02:27,"2017-12-12","9H 2M 27S","Unknown","2.16.0","Unknown","Unknown",610,NA,260,NA,80250.52734375,NA,114823.84765625,NA,NA,NA,NA,NA,NA,NA,NA,NA,450,464,390,466,471,420,388,500,406,625,641,525,400,639.840026855469,214.139999389648,184.900009155273,374.790008544922,222.270004272461,532.890014648438,384.089996337891,369.209991455078,316.200012207031,366.5,462.75,212.5,149,NA,NA,NA,NA,NA,NA,NA,NA,NA,NA,NA,NA,NA,NA,NA,NA,NA,NA,NA,NA,NA,NA,NA,NA,NA,NA,NA,NA,NA,NA,NA
"11-DEC-2017",2017-12-11 09:04:43,"2017-12-11","9H 4M 43S","Unknown","2.16.0","Unknown","Unknown",610,NA,260,NA,82719.9609375,NA,118766.11328125,NA,NA,NA,NA,NA,NA,NA,NA,NA,450,464,390,466,471,420,388,500,406,625,641,525,400,649.299987792969,218.440002441406,187.479995727539,380.369995117188,217.619995117188,546.840026855469,393.390014648438,394.320007324219,306.899993896484,358,425,209,144.5,NA,NA,NA,NA,NA,NA,NA,NA,NA,NA,NA,NA,NA,NA,NA,NA,NA,NA,NA,NA,NA,NA,NA,NA,NA,NA,NA,NA,NA,NA,NA
"08-DEC-2017",2017-12-08 09:21:08,"2017-12-08","9H 21M 8S","Unknown","2.16.0","Unknown","Unknown",610,NA,260,NA,76139.4609375,NA,111014.56640625,NA,NA,NA,NA,NA,NA,NA,NA,NA,450,464,390,466,471,420,388,500,406,625,641,525,400,582.220031738281,188.339996337891,153.080001831055,333.869995117188,178.559997558594,504.059997558594,356.190002441406,332.010009765625,252.029998779297,299.5,371.5,173,117,NA,NA,NA,NA,NA,NA,NA,NA,NA,NA,NA,NA,NA,NA,NA,NA,NA,NA,NA,NA,NA,NA,NA,NA,NA,NA,NA,NA,NA,NA,NA
"07-DEC-2017",2017-12-07 11:54:39,"2017-12-07","11H 54M 39S","Unknown","2.16.0","Unknown","Unknown",610,NA,260,NA,80945.88671875,NA,113559.5078125,NA,NA,NA,NA,NA,NA,NA,NA,NA,450,464,390,466,471,420,388,500,406,625,641,525,400,641.559997558594,220.160003662109,191.779998779297,378.510009765625,233.43000793457,555.210021972656,392.459991455078,389.205001831055,331.080017089844,369.5,467,216,153.5,NA,NA,NA,NA,NA,NA,NA,NA,NA,NA,NA,NA,NA,NA,NA,NA,NA,NA,NA,NA,NA,NA,NA,NA,NA,NA,NA,NA,NA,NA,NA
"06-DEC-2017",2017-12-06 09:59:22,"2017-12-06","9H 59M 22S","Unknown","2.16.0","Unknown","",610,NA,260,NA,29527.7890625,NA,57861.345703125,NA,NA,NA,NA,NA,NA,NA,NA,NA,450,464,390,466,471,420,388,500,406,625,641,525,400,159.960006713867,60.2000007629395,76.5400009155273,217.619995117188,93.9300003051758,384.554992675781,128.339996337891,254.820007324219,140.43000793457,210.5,247.75,77.75,58,NA,NA,NA,NA,NA,NA,NA,NA,NA,NA,NA,NA,NA,NA,NA,NA,NA,NA,NA,NA,NA,NA,NA,NA,NA,NA,NA,NA,NA,NA,NA
"05-DEC-2017",2017-12-05 08:32:43,"2017-12-05","8H 32M 43S","Unknown","2.16.0","Unknown","Unknown",610,NA,260,NA,50706.75,NA,88164.93359375,NA,NA,NA,NA,NA,NA,NA,NA,NA,450,464,390,466,471,420,388,500,406,625,641,525,400,195.650001525879,86,110.940002441406,119.970001220703,116.25,214.830001831055,93.9300003051758,200.415000915527,146.940002441406,170.75,213.25,97.5,79.25,NA,NA,NA,NA,NA,NA,NA,NA,NA,NA,NA,NA,NA,NA,NA,NA,NA,NA,NA,NA,NA,NA,NA,NA,NA,NA,NA,NA,NA,NA,NA
"04-DEC-2017",2017-12-04 10:14:56,"2017-12-04","10H 14M 56S","Unknown","2.16.0","Unknown","Unknown",610,NA,260,NA,80965.15625,NA,115660.3828125,NA,NA,NA,NA,NA,NA,NA,NA,NA,450,464,390,466,471,420,388,500,406,625,641,525,400,585.660034179688,188.339996337891,156.520004272461,353.399993896484,191.580001831055,523.590026855469,372,377.580017089844,281.790008544922,320.5,383.5,186,127,NA,NA,NA,NA,NA,NA,NA,NA,NA,NA,NA,NA,NA,NA,NA,NA,NA,NA,NA,NA,NA,NA,NA,NA,NA,NA,NA,NA,NA,NA,NA
"01-DEC-2017",2017-12-01 10:52:18,"2017-12-01","10H 52M 18S","Unknown","2.16.0","Unknown","Unknown",610,NA,260,NA,82218.9375,NA,115068.43359375,NA,NA,NA,NA,NA,NA,NA,NA,NA,450,464,390,466,471,420,388,500,406,625,641,525,400,617.47998046875,208.980010986328,179.740005493164,367.350006103516,210.18000793457,534.75,377.115005493164,376.649993896484,301.320007324219,350.5,426,197.5,136.5,NA,NA,NA,NA,NA,NA,NA,NA,NA,NA,NA,NA,NA,NA,NA,NA,NA,NA,NA,NA,NA,NA,NA,NA,NA,NA,NA,NA,NA,NA,NA
"30-NOV-2017",2017-11-30 08:16:36,"2017-11-30","8H 16M 36S","Unknown","2.16.0","Unknown","Unknown",610,NA,260,NA,34793.830078125,NA,64449.220703125,NA,NA,NA,NA,NA,NA,NA,NA,NA,450,464,390,466,471,420,388,500,406,625,641,525,400,183.039993286133,69.5199966430664,94.1599960327148,136.160003662109,125.120002746582,302.714996337891,111.599998474121,275.279998779297,145.080001831055,195.25,295.5,107.5,72.25,NA,NA,NA,NA,NA,NA,NA,NA,NA,NA,NA,NA,NA,NA,NA,NA,NA,NA,NA,NA,NA,NA,NA,NA,NA,NA,NA,NA,NA,NA,NA
"29-NOV-2017",2017-11-29 09:08:28,"2017-11-29","9H 8M 28S","Unknown","2.16.0","Unknown","Unknown",610,NA,260,NA,42283.708984375,NA,72178.6015625,NA,NA,NA,NA,NA,NA,NA,NA,NA,450,464,390,466,471,420,388,500,406,625,641,525,400,189.199996948242,73.9199981689453,99.4400024414062,112.700004577637,122.360000610352,290.160003662109,100.440002441406,259.470001220703,151.589996337891,191.75,291.5,111.5,76,NA,NA,NA,NA,NA,NA,NA,NA,NA,NA,NA,NA,NA,NA,NA,NA,NA,NA,NA,NA,NA,NA,NA,NA,NA,NA,NA,NA,NA,NA,NA
"22-NOV-2017",2017-11-22 13:34:08,"2017-11-22","13H 34M 8S","Unknown","2.16.0","Unknown","Unknown",610,NA,260,NA,82570.71875,NA,115155.484375,NA,NA,NA,NA,NA,NA,NA,NA,NA,450,464,390,466,471,420,388,500,406,625,641,525,400,639.760009765625,221.759994506836,186.559997558594,376.279998779297,214.360000610352,544.97998046875,385.950012207031,372,314.339996337891,363,450.5,209,146.5,NA,NA,NA,NA,NA,NA,NA,NA,NA,NA,NA,NA,NA,NA,NA,NA,NA,NA,NA,NA,NA,NA,NA,NA,NA,NA,NA,NA,NA,NA,NA
"17-NOV-2017",2017-11-17 09:03:39,"2017-11-17","9H 3M 39S","Unknown","2.16.0","Unknown","Unknown",610,NA,260,NA,41794.400390625,NA,59582.705078125,NA,NA,NA,NA,NA,NA,NA,NA,NA,450,464,390,466,471,420,388,500,406,625,641,525,400,146.400009155273,54.4000015258789,72.8000030517578,99.1900024414062,116.480003356934,162.619995117188,67.6800003051758,166.849998474121,128.779998779297,183.995002746582,272.929992675781,100.695003509521,69.0900039672852,NA,NA,NA,NA,NA,NA,NA,NA,NA,NA,NA,NA,NA,NA,NA,NA,NA,NA,NA,NA,NA,NA,NA,NA,NA,NA,NA,NA,NA,NA,NA
"16-NOV-2017",2017-11-16 11:33:53,"2017-11-16","11H 33M 53S","Unknown","2.16.0","Unknown","Unknown",610,NA,260,NA,100507.6015625,NA,116008.625,NA,NA,NA,NA,NA,NA,NA,NA,NA,450,464,390,466,471,420,388,500,406,625,641,525,400,571.600006103516,196.800003051758,171.199996948242,397.670013427734,238.420013427734,532.039978027344,369.420013427734,341.220001220703,320.540008544922,383.425003051758,471.135009765625,226.870010375977,162.68000793457,NA,NA,NA,NA,NA,NA,NA,NA,NA,NA,NA,NA,NA,NA,NA,NA,NA,NA,NA,NA,NA,NA,NA,NA,NA,NA,NA,NA,NA,NA,NA
"15-NOV-2017",2017-11-15 08:08:03,"2017-11-15","8H 8M 3S","Unknown","2.16.0","Unknown","Unknown",610,NA,260,NA,100210,NA,116515.94921875,NA,NA,NA,NA,NA,NA,NA,NA,NA,450,464,390,466,471,420,388,500,406,625,641,525,400,482.399993896484,159.199996948242,129.600006103516,384.02001953125,219.310012817383,471.880004882812,315.839996337891,305.5,268.839996337891,362.600006103516,413.070007324219,216.580001831055,148.470001220703,NA,NA,NA,NA,NA,NA,NA,NA,NA,NA,NA,NA,NA,NA,NA,NA,NA,NA,NA,NA,NA,NA,NA,NA,NA,NA,NA,NA,NA,NA,NA
"13-NOV-2017",2017-11-13 08:48:17,"2017-11-13","8H 48M 17S","Unknown","LSRII","1","Administrator",610,NA,260,NA,97608.40234375,NA,116727.5234375,NA,63.43,0,21.34,43.61,0.8,0.91,0.94,0.49,450,464,390,466,471,420,388,500,406,625,641,525,400,508.800018310547,168,140,391.300018310547,226.59001159668,473.290008544922,316.779998779297,306.440002441406,293.279998779297,371.420013427734,414.540008544922,220.5,154.350006103516,NA,NA,NA,NA,NA,NA,NA,NA,NA,NA,NA,NA,NA,NA,NA,NA,NA,NA,NA,NA,NA,NA,NA,NA,NA,NA,NA,NA,NA,NA,NA
"10-NOV-2017",2017-11-10 08:40:12,"2017-11-10","8H 40M 12S","Unknown","2.16.0","Unknown","Unknown",610,NA,260,NA,100916.80078125,NA,115849.37109375,NA,NA,NA,NA,NA,NA,NA,NA,NA,450,464,390,466,471,420,388,500,406,625,641,525,400,501.600006103516,160.800003051758,131.199996948242,381.290008544922,210.210006713867,506.660003662109,333.700012207031,311.139984130859,270.720001220703,350.839996337891,400.330017089844,208.740005493164,141.119995117188,NA,NA,NA,NA,NA,NA,NA,NA,NA,NA,NA,NA,NA,NA,NA,NA,NA,NA,NA,NA,NA,NA,NA,NA,NA,NA,NA,NA,NA,NA,NA
"09-NOV-2017",2017-11-09 09:15:21,"2017-11-09","9H 15M 21S","Unknown","2.16.0","Unknown","Unknown",610,NA,260,NA,90242.40234375,NA,108044.3046875,NA,NA,NA,NA,NA,NA,NA,NA,NA,450,464,390,466,471,420,388,500,406,625,641,525,400,414.399993896484,129.600006103516,96,349.440002441406,193.830001831055,421.589996337891,272.600006103516,258.5,237.81999206543,312.130004882812,329.77001953125,173.949996948242,102.900001525879,NA,NA,NA,NA,NA,NA,NA,NA,NA,NA,NA,NA,NA,NA,NA,NA,NA,NA,NA,NA,NA,NA,NA,NA,NA,NA,NA,NA,NA,NA,NA
"08-NOV-2017",2017-11-08 09:09:37,"2017-11-08","9H 9M 37S","Unknown","2.16.0","Unknown","Unknown",610,NA,260,NA,100747.6015625,NA,116158.31640625,NA,NA,NA,NA,NA,NA,NA,NA,NA,450,464,390,466,471,420,388,500,406,625,641,525,400,516,168,139.199996948242,391.300018310547,223.860000610352,503.839996337891,338.399993896484,319.600006103516,282.940002441406,367.010009765625,415.52001953125,216.09001159668,149.205001831055,NA,NA,NA,NA,NA,NA,NA,NA,NA,NA,NA,NA,NA,NA,NA,NA,NA,NA,NA,NA,NA,NA,NA,NA,NA,NA,NA,NA,NA,NA,NA
"07-NOV-2017",2017-11-07 09:04:50,"2017-11-07","9H 4M 50S","Unknown","2.16.0","Unknown","Unknown",610,NA,260,NA,101262.00390625,NA,116752.546875,NA,NA,NA,NA,NA,NA,NA,NA,NA,450,464,390,466,471,420,388,500,406,625,641,525,400,504.800018310547,164,136,390.390014648438,219.310012817383,541.440002441406,373.179992675781,342.160003662109,287.639984130859,355.740020751953,405.230010986328,210.210006713867,145.529998779297,NA,NA,NA,NA,NA,NA,NA,NA,NA,NA,NA,NA,NA,NA,NA,NA,NA,NA,NA,NA,NA,NA,NA,NA,NA,NA,NA,NA,NA,NA,NA
"06-NOV-2017",2017-11-06 08:16:57,"2017-11-06","8H 16M 57S","Unknown","2.16.0","Unknown","Unknown",610,NA,260,NA,100103.203125,NA,117532.41796875,NA,NA,NA,NA,NA,NA,NA,NA,NA,450,464,390,466,471,420,388,500,406,625,641,525,400,570.400024414062,192,160.800003051758,393.120025634766,227.5,611,430.519989013672,377.880004882812,315.839996337891,361.130004882812,436.589996337891,218.050003051758,149.449996948242,NA,NA,NA,NA,NA,NA,NA,NA,NA,NA,NA,NA,NA,NA,NA,NA,NA,NA,NA,NA,NA,NA,NA,NA,NA,NA,NA,NA,NA,NA,NA
"03-NOV-2017",2017-11-03 09:08:32,"2017-11-03","9H 8M 32S","Unknown","2.16.0","Unknown","Unknown",610,NA,260,NA,98821.6015625,NA,116291.1796875,NA,NA,NA,NA,NA,NA,NA,NA,NA,450,464,390,466,471,420,388,500,406,625,641,525,400,544.799987792969,183.199996948242,152.800003051758,385.839996337891,219.310012817383,600.659973144531,416.420013427734,365.660003662109,307.380004882812,357.700012207031,428.75,212.660003662109,145.529998779297,NA,NA,NA,NA,NA,NA,NA,NA,NA,NA,NA,NA,NA,NA,NA,NA,NA,NA,NA,NA,NA,NA,NA,NA,NA,NA,NA,NA,NA,NA,NA
"02-NOV-2017",2017-11-02 09:16:58,"2017-11-02","9H 16M 58S","Unknown","2.16.0","Unknown","Unknown",610,NA,260,NA,98015.203125,NA,114164.9609375,NA,NA,NA,NA,NA,NA,NA,NA,NA,450,464,390,466,471,420,388,500,406,625,641,525,400,488,156.800003051758,127.200004577637,379.470001220703,211.120010375977,557.419982910156,390.100006103516,346.859985351562,285.760009765625,348.880004882812,389.550018310547,203.350006103516,137.690002441406,NA,NA,NA,NA,NA,NA,NA,NA,NA,NA,NA,NA,NA,NA,NA,NA,NA,NA,NA,NA,NA,NA,NA,NA,NA,NA,NA,NA,NA,NA,NA
"01-NOV-2017",2017-11-01 10:11:32,"2017-11-01","10H 11M 32S","Unknown","2.16.0","Unknown","Unknown",610,NA,260,NA,19685.2001953125,NA,18492.111328125,NA,NA,NA,NA,NA,NA,NA,NA,NA,450,464,390,466,471,420,388,500,406,625,641,525,400,35.2000007629395,13.6000003814697,20,35.4900016784668,30.0300006866455,78.9599990844727,26.3199996948242,47.939998626709,36.6599998474121,66.1500015258789,74.9700012207031,25.9700012207031,19.1100006103516,NA,NA,NA,NA,NA,NA,NA,NA,NA,NA,NA,NA,NA,NA,NA,NA,NA,NA,NA,NA,NA,NA,NA,NA,NA,NA,NA,NA,NA,NA,NA
"31-OCT-2017",2017-10-31 09:46:46,"2017-10-31","9H 46M 46S","Unknown","2.16.0","Unknown","Unknown",610,NA,260,NA,34253.201171875,NA,59598.6328125,NA,NA,NA,NA,NA,NA,NA,NA,NA,450,464,390,466,471,420,388,500,406,625,641,525,400,128,44,56,80.0800018310547,79.1700057983398,167.31999206543,59.2200012207031,118.440002441406,94.9400024414062,157.290008544922,187.669998168945,63.2100028991699,49.4900016784668,NA,NA,NA,NA,NA,NA,NA,NA,NA,NA,NA,NA,NA,NA,NA,NA,NA,NA,NA,NA,NA,NA,NA,NA,NA,NA,NA,NA,NA,NA,NA
"30-OCT-2017",2017-10-30 08:47:49,"2017-10-30","8H 47M 49S","Unknown","2.16.0","Unknown","Unknown",610,NA,260,NA,79080,NA,115063.58984375,NA,NA,NA,NA,NA,NA,NA,NA,NA,450,464,390,466,471,420,388,500,406,625,641,525,400,524.799987792969,156.800003051758,120,350.350006103516,179.725006103516,526.400024414062,340.279998779297,300.799987792969,226.539993286133,346.429992675781,404.25,177.870010375977,113.680000305176,NA,NA,NA,NA,NA,NA,NA,NA,NA,NA,NA,NA,NA,NA,NA,NA,NA,NA,NA,NA,NA,NA,NA,NA,NA,NA,NA,NA,NA,NA,NA
"27-OCT-2017",2017-10-27 14:04:33,"2017-10-27","14H 4M 33S","Unknown","LSRII","1","Administrator",610,NA,260,NA,104164.40234375,NA,116458.6171875,NA,63.43,0,21.34,42.6,0.8,0.91,0.94,0.49,450,464,390,466,471,420,388,500,406,625,641,525,400,549.200012207031,187.199996948242,156,379.470001220703,211.120010375977,517,345.450012207031,306.440002441406,273.070007324219,340.550018310547,412.335006713867,201.880004882812,141.120002746582,NA,NA,NA,NA,NA,NA,NA,NA,NA,NA,NA,NA,NA,NA,NA,NA,NA,NA,NA,NA,NA,NA,NA,NA,NA,NA,NA,NA,NA,NA,NA
"26-OCT-2017",2017-10-26 08:11:32,"2017-10-26","8H 11M 32S","Unknown","2.16.0","Unknown","Unknown",610,NA,260,NA,92953.6015625,NA,115919.44140625,NA,NA,NA,NA,NA,NA,NA,NA,NA,450,464,390,466,471,420,388,500,406,625,641,525,400,544,168,134.400009155273,364.910003662109,185.639999389648,450.260009765625,294.220001220703,258.5,219.490005493164,341.775009155273,396.899993896484,183.75,121.520004272461,NA,NA,NA,NA,NA,NA,NA,NA,NA,NA,NA,NA,NA,NA,NA,NA,NA,NA,NA,NA,NA,NA,NA,NA,NA,NA,NA,NA,NA,NA,NA
"25-OCT-2017",2017-10-25 08:45:07,"2017-10-25","8H 45M 7S","Unknown","2.16.0","Unknown","Unknown",610,NA,260,NA,94438.80078125,NA,118177.609375,NA,NA,NA,NA,NA,NA,NA,NA,NA,450,464,390,466,471,420,388,500,406,625,641,525,400,536,166.400009155273,129.600006103516,357.630004882812,175.630004882812,523.580017089844,357.200012207031,291.399993896484,226.069999694824,316.050018310547,369.460021972656,176.889999389648,116.130004882812,NA,NA,NA,NA,NA,NA,NA,NA,NA,NA,NA,NA,NA,NA,NA,NA,NA,NA,NA,NA,NA,NA,NA,NA,NA,NA,NA,NA,NA,NA,NA
"24-OCT-2017",2017-10-24 09:07:56,"2017-10-24","9H 7M 56S","Unknown","2.16.0","Unknown","Unknown",610,NA,260,NA,99333.203125,NA,116259.328125,NA,NA,NA,NA,NA,NA,NA,NA,NA,450,464,390,466,471,420,388,500,406,625,641,525,400,528.799987792969,170.400009155273,136,368.550018310547,192.919998168945,585.619995117188,407.019989013672,340.279998779297,265.079986572266,330.75,386.610015869141,187.18000793457,126.42000579834,NA,NA,NA,NA,NA,NA,NA,NA,NA,NA,NA,NA,NA,NA,NA,NA,NA,NA,NA,NA,NA,NA,NA,NA,NA,NA,NA,NA,NA,NA,NA
"23-OCT-2017",2017-10-23 12:05:14,"2017-10-23","12H 5M 14S","Unknown","2.16.0","Unknown","Unknown",610,NA,260,NA,103497.6015625,NA,116770.29296875,NA,NA,NA,NA,NA,NA,NA,NA,NA,450,464,390,466,471,420,388,500,406,625,641,525,400,553.600036621094,188.800003051758,153.600006103516,393.120025634766,219.765007019043,604.419982910156,430.519989013672,365.660003662109,313.959991455078,343.490005493164,419.685012817383,199.919998168945,135.240005493164,NA,NA,NA,NA,NA,NA,NA,NA,NA,NA,NA,NA,NA,NA,NA,NA,NA,NA,NA,NA,NA,NA,NA,NA,NA,NA,NA,NA,NA,NA,NA
"20-OCT-2017",2017-10-20 08:20:27,"2017-10-20","8H 20M 27S","Unknown","LSRII","1","Administrator",610,NA,260,NA,101643.203125,NA,117404.5625,NA,63.43,0,21.34,43.61,0.8,0.91,0.94,0.49,450,464,390,466,471,420,388,500,406,625,641,525,400,7632.80029296875,6932.00024414062,6994,8430.240234375,8325.13525390625,6949.419921875,7044.35986328125,7288.76000976562,7606.47998046875,9212,8613.46484375,8146.00512695312,7360.7802734375,NA,NA,NA,NA,NA,NA,NA,NA,NA,NA,NA,NA,NA,NA,NA,NA,NA,NA,NA,NA,NA,NA,NA,NA,NA,NA,NA,NA,NA,NA,NA
"19-OCT-2017",2017-10-19 15:10:08,"2017-10-19","15H 10M 8S","Unknown","2.16.0","Unknown","Unknown",610,NA,260,NA,101654.40234375,NA,117163.8671875,NA,NA,NA,NA,NA,NA,NA,NA,NA,450,464,390,466,471,420,388,500,406,625,641,525,400,554.400024414062,196,164.800003051758,389.480010986328,223.860000610352,569.640014648438,402.320007324219,350.619995117188,309.260009765625,365.050018310547,438.059997558594,208.25,146.510009765625,NA,NA,NA,NA,NA,NA,NA,NA,NA,NA,NA,NA,NA,NA,NA,NA,NA,NA,NA,NA,NA,NA,NA,NA,NA,NA,NA,NA,NA,NA,NA
"19-OCT-2017",2017-10-19 08:55:19,"2017-10-19","8H 55M 19S","Unknown","2.16.0","Unknown","Unknown",610,NA,260,NA,100846.3984375,NA,116904.0625,NA,NA,NA,NA,NA,NA,NA,NA,NA,450,464,390,466,471,420,388,500,406,625,641,525,400,528,177.600006103516,148.800003051758,402.220001220703,232.050003051758,501.489990234375,347.799987792969,328.059997558594,295.160003662109,375.830017089844,430.220001220703,223.440002441406,154.350006103516,NA,NA,NA,NA,NA,NA,NA,NA,NA,NA,NA,NA,NA,NA,NA,NA,NA,NA,NA,NA,NA,NA,NA,NA,NA,NA,NA,NA,NA,NA,NA
"18-OCT-2017",2017-10-18 09:27:30,"2017-10-18","9H 27M 30S","Unknown","2.16.0","Unknown","Unknown",610,NA,260,NA,102117.6015625,NA,115808.42578125,NA,NA,NA,NA,NA,NA,NA,NA,NA,450,464,390,466,471,420,388,500,406,625,641,525,400,515.200012207031,168.800003051758,139.199996948242,461.370025634766,231.139999389648,485.040008544922,328.059997558594,307.380004882812,269.779998779297,354.27001953125,404.740020751953,210.699996948242,147.490005493164,NA,NA,NA,NA,NA,NA,NA,NA,NA,NA,NA,NA,NA,NA,NA,NA,NA,NA,NA,NA,NA,NA,NA,NA,NA,NA,NA,NA,NA,NA,NA
"17-OCT-2017",2017-10-17 09:29:32,"2017-10-17","9H 29M 32S","Unknown","2.16.0","Unknown","Unknown",610,NA,260,NA,96180.40234375,NA,115215.1015625,NA,NA,NA,NA,NA,NA,NA,NA,NA,450,464,390,466,471,420,388,500,406,625,641,525,400,468,125.599998474121,95.2000045776367,360.360015869141,168.350006103516,449.320007324219,278.239990234375,269.779998779297,203.979995727539,310.170013427734,361.130004882812,160.229995727539,98,NA,NA,NA,NA,NA,NA,NA,NA,NA,NA,NA,NA,NA,NA,NA,NA,NA,NA,NA,NA,NA,NA,NA,NA,NA,NA,NA,NA,NA,NA,NA
"16-OCT-2017",2017-10-16 08:43:48,"2017-10-16","8H 43M 48S","Unknown","2.16.0","Unknown","Unknown",610,NA,260,NA,20710,NA,59707.376953125,NA,NA,NA,NA,NA,NA,NA,NA,NA,450,464,390,466,471,420,388,500,406,625,641,525,400,120.400001525879,40,52,76.4400024414062,64.6100006103516,151.809997558594,60.1599998474121,97.7600021362305,84.5999984741211,96.5299987792969,132.300003051758,50.4700012207031,40.6700019836426,NA,NA,NA,NA,NA,NA,NA,NA,NA,NA,NA,NA,NA,NA,NA,NA,NA,NA,NA,NA,NA,NA,NA,NA,NA,NA,NA,NA,NA,NA,NA
"13-OCT-2017",2017-10-13 09:27:56,"2017-10-13","9H 27M 56S","Unknown","2.16.0","Unknown","Unknown",610,NA,260,NA,48908.80078125,NA,105070.87890625,NA,NA,NA,NA,NA,NA,NA,NA,NA,450,464,390,466,471,420,388,500,406,625,641,525,400,196.800003051758,67.2000045776367,78.4000015258789,256.620002746582,117.390007019043,517.940002441406,167.31999206543,258.5,147.580001831055,221.480010986328,271.705001831055,100.450004577637,65.6600036621094,NA,NA,NA,NA,NA,NA,NA,NA,NA,NA,NA,NA,NA,NA,NA,NA,NA,NA,NA,NA,NA,NA,NA,NA,NA,NA,NA,NA,NA,NA,NA
"12-OCT-2017",2017-10-12 08:27:23,"2017-10-12","8H 27M 23S","Unknown","2.16.0","Unknown","Unknown",610,NA,260,NA,73474,NA,115390.27734375,NA,NA,NA,NA,NA,NA,NA,NA,NA,450,464,390,466,471,420,388,500,406,625,641,525,400,469.600006103516,120.800003051758,96,351.260009765625,158.34001159668,568.230010986328,377.880004882812,317.720001220703,218.080001831055,294.490020751953,344.470001220703,149.940002441406,92.6100006103516,NA,NA,NA,NA,NA,NA,NA,NA,NA,NA,NA,NA,NA,NA,NA,NA,NA,NA,NA,NA,NA,NA,NA,NA,NA,NA,NA,NA,NA,NA,NA
"11-OCT-2017",2017-10-11 09:27:48,"2017-10-11","9H 27M 48S","Unknown","2.16.0","Unknown","Unknown",610,NA,260,NA,37403.19921875,NA,63229.076171875,NA,NA,NA,NA,NA,NA,NA,NA,NA,450,464,390,466,471,420,388,500,406,625,641,525,400,155.199996948242,60,75.2000045776367,114.660003662109,89.1800003051758,266.489990234375,83.6599960327148,151.809997558594,114.680000305176,138.669998168945,187.669998168945,73.5,62.7200012207031,NA,NA,NA,NA,NA,NA,NA,NA,NA,NA,NA,NA,NA,NA,NA,NA,NA,NA,NA,NA,NA,NA,NA,NA,NA,NA,NA,NA,NA,NA,NA
"10-OCT-2017",2017-10-10 08:57:18,"2017-10-10","8H 57M 18S","Unknown","2.16.0","Unknown","Unknown",610,NA,260,NA,69344.80078125,NA,115306.55859375,NA,NA,NA,NA,NA,NA,NA,NA,NA,450,464,390,466,471,420,388,500,406,625,641,525,400,509.200012207031,149.600006103516,116.800003051758,340.339996337891,161.070007324219,577.159973144531,383.049987792969,292.339996337891,215.729995727539,274.645004272461,334.915008544922,165.620010375977,108.779998779297,NA,NA,NA,NA,NA,NA,NA,NA,NA,NA,NA,NA,NA,NA,NA,NA,NA,NA,NA,NA,NA,NA,NA,NA,NA,NA,NA,NA,NA,NA,NA
"09-OCT-2017",2017-10-09 09:07:02,"2017-10-09","9H 7M 2S","Unknown","2.16.0","Unknown","Unknown",610,NA,260,NA,20926.0009765625,NA,60887.19140625,NA,NA,NA,NA,NA,NA,NA,NA,NA,450,464,390,466,471,420,388,500,406,625,641,525,400,134.400009155273,51.2000007629395,68,70.9800033569336,69.1600036621094,151.339996337891,59.2200012207031,85.5400009155273,95.879997253418,105.840003967285,139.160003662109,60.7600021362305,51.9400024414062,NA,NA,NA,NA,NA,NA,NA,NA,NA,NA,NA,NA,NA,NA,NA,NA,NA,NA,NA,NA,NA,NA,NA,NA,NA,NA,NA,NA,NA,NA,NA
"06-OCT-2017",2017-10-06 10:23:04,"2017-10-06","10H 23M 4S","Unknown","2.16.0","Unknown","Unknown",610,NA,260,NA,106396.8046875,NA,118304.09765625,NA,NA,NA,NA,NA,NA,NA,NA,NA,450,464,390,466,471,420,388,500,406,625,641,525,400,568.799987792969,196.800003051758,164,405.860015869141,234.780014038086,635.440002441406,441.799987792969,395.739990234375,326.179992675781,368.480010986328,442.960021972656,216.580001831055,154.350006103516,NA,NA,NA,NA,NA,NA,NA,NA,NA,NA,NA,NA,NA,NA,NA,NA,NA,NA,NA,NA,NA,NA,NA,NA,NA,NA,NA,NA,NA,NA,NA
"05-OCT-2017",2017-10-05 09:33:11,"2017-10-05","9H 33M 11S","Unknown","2.16.0","Unknown","Unknown",610,NA,260,NA,103326,NA,119249.58984375,NA,NA,NA,NA,NA,NA,NA,NA,NA,450,464,390,466,471,420,388,500,406,625,641,525,400,570.400024414062,191.199996948242,158.400009155273,398.580017089844,225.68000793457,611.940002441406,422.059997558594,370.359985351562,304.089996337891,358.190002441406,434.140014648438,214.130004882812,150.919998168945,NA,NA,NA,NA,NA,NA,NA,NA,NA,NA,NA,NA,NA,NA,NA,NA,NA,NA,NA,NA,NA,NA,NA,NA,NA,NA,NA,NA,NA,NA,NA
"04-OCT-2017",2017-10-04 11:16:51,"2017-10-04","11H 16M 51S","Unknown","2.16.0","Unknown","Unknown",610,NA,260,NA,104093.203125,NA,121141.4765625,NA,NA,NA,NA,NA,NA,NA,NA,NA,450,464,390,466,471,420,388,500,406,625,641,525,400,513.600036621094,164,132.800003051758,397.670013427734,222.950012207031,591.260009765625,405.139984130859,370.359985351562,288.579986572266,365.540008544922,416.990020751953,217.559997558594,149.449996948242,NA,NA,NA,NA,NA,NA,NA,NA,NA,NA,NA,NA,NA,NA,NA,NA,NA,NA,NA,NA,NA,NA,NA,NA,NA,NA,NA,NA,NA,NA,NA
"03-OCT-2017",2017-10-03 09:04:22,"2017-10-03","9H 4M 22S","Unknown","2.16.0","Unknown","Unknown",610,NA,260,NA,19392.80078125,NA,56343.560546875,NA,NA,NA,NA,NA,NA,NA,NA,NA,450,464,390,466,471,420,388,500,406,625,641,525,400,52.7999992370605,20.8000011444092,32.7999992370605,38.2200012207031,36.4000015258789,79.4300003051758,29.1399993896484,44.1800003051758,51.7000007629395,49.4900016784668,52.9200019836426,29.4000015258789,26.9500007629395,NA,NA,NA,NA,NA,NA,NA,NA,NA,NA,NA,NA,NA,NA,NA,NA,NA,NA,NA,NA,NA,NA,NA,NA,NA,NA,NA,NA,NA,NA,NA
"02-OCT-2017",2017-10-02 11:03:55,"2017-10-02","11H 3M 55S","Unknown","2.16.0","Unknown","",610,NA,260,NA,92691.203125,NA,115148.21875,NA,NA,NA,NA,NA,NA,NA,NA,NA,450,464,390,466,471,420,388,500,406,625,641,525,400,462.399993896484,143.199996948242,112.800003051758,324.869995117188,146.510009765625,488.329986572266,324.299987792969,239.699996948242,189.880004882812,246.470001220703,292.040008544922,147.979995727539,101.430000305176,NA,NA,NA,NA,NA,NA,NA,NA,NA,NA,NA,NA,NA,NA,NA,NA,NA,NA,NA,NA,NA,NA,NA,NA,NA,NA,NA,NA,NA,NA,NA
"29-SEP-2017",2017-09-29 09:01:51,"2017-09-29","9H 1M 51S","Unknown","2.16.0","Unknown","Unknown",610,NA,260,NA,21105.6005859375,NA,35285.25,NA,NA,NA,NA,NA,NA,NA,NA,NA,450,464,390,466,471,420,388,500,406,625,641,525,400,49.6000022888184,18.3999996185303,26.3999996185303,40.9500007629395,35.4900016784668,96.8199996948242,31.0200004577637,48.8800010681152,49.8199996948242,52.4300003051758,66.1500015258789,26.4600009918213,24.0100002288818,NA,NA,NA,NA,NA,NA,NA,NA,NA,NA,NA,NA,NA,NA,NA,NA,NA,NA,NA,NA,NA,NA,NA,NA,NA,NA,NA,NA,NA,NA,NA
"28-SEP-2017",2017-09-28 08:22:51,"2017-09-28","8H 22M 51S","Unknown","2.16.0","Unknown","Unknown",610,NA,260,NA,21766.400390625,NA,15975.5053710938,NA,NA,NA,NA,NA,NA,NA,NA,NA,450,464,390,466,471,420,388,500,406,625,641,525,400,31.2000007629395,14.4000005722046,20,31.8500003814697,27.3000011444092,67.6800003051758,26.3199996948242,38.5400009155273,42.2999992370605,40.6700019836426,46.060001373291,21.0699996948242,19.1100006103516,NA,NA,NA,NA,NA,NA,NA,NA,NA,NA,NA,NA,NA,NA,NA,NA,NA,NA,NA,NA,NA,NA,NA,NA,NA,NA,NA,NA,NA,NA,NA
"27-SEP-2017",2017-09-27 09:53:58,"2017-09-27","9H 53M 58S","Unknown","2.16.0","Unknown","Unknown",610,NA,260,NA,20001.6005859375,NA,10807.16015625,NA,NA,NA,NA,NA,NA,NA,NA,NA,450,464,390,466,471,420,388,500,406,625,641,525,400,28.8000011444092,12.8000001907349,22.3999996185303,27.3000011444092,26.3900012969971,54.5200004577637,23.5,31.9599990844727,36.6599998474121,36.2600021362305,40.1800003051758,19.1100006103516,17.1499996185303,NA,NA,NA,NA,NA,NA,NA,NA,NA,NA,NA,NA,NA,NA,NA,NA,NA,NA,NA,NA,NA,NA,NA,NA,NA,NA,NA,NA,NA,NA,NA
"26-SEP-2017",2017-09-26 09:13:21,"2017-09-26","9H 13M 21S","Unknown","2.16.0","Unknown","Unknown",610,NA,260,NA,103650.40234375,NA,115722.4296875,NA,NA,NA,NA,NA,NA,NA,NA,NA,450,464,390,466,471,420,388,500,406,625,641,525,400,558.000030517578,190.400009155273,160.800003051758,395.850006103516,229.320007324219,635.440002441406,436.160003662109,381.639984130859,317.720001220703,358.679992675781,429.240020751953,211.68000793457,150.43000793457,NA,NA,NA,NA,NA,NA,NA,NA,NA,NA,NA,NA,NA,NA,NA,NA,NA,NA,NA,NA,NA,NA,NA,NA,NA,NA,NA,NA,NA,NA,NA
"25-SEP-2017",2017-09-25 11:10:19,"2017-09-25","11H 10M 19S","Unknown","LSRII","1","Administrator",610,NA,260,NA,57431.201171875,NA,60095.947265625,NA,63.43,0,21.34,43.61,0.8,0.91,0.94,0.49,450,464,390,466,471,420,388,500,406,625,641,525,400,137.600006103516,50.4000015258789,64,80.9900054931641,72.8000030517578,199.75,71.4400024414062,122.199996948242,97.7600021362305,113.925003051758,163.660003662109,61.7400016784668,51.4500007629395,NA,NA,NA,NA,NA,NA,NA,NA,NA,NA,NA,NA,NA,NA,NA,NA,NA,NA,NA,NA,NA,NA,NA,NA,NA,NA,NA,NA,NA,NA,NA
"22-SEP-2017",2017-09-22 08:59:20,"2017-09-22","8H 59M 20S","Unknown","2.16.0","Unknown","Unknown",610,NA,260,NA,103649.203125,NA,118614.41015625,NA,NA,NA,NA,NA,NA,NA,NA,NA,450,464,390,466,471,420,388,500,406,625,641,525,400,576.799987792969,197.600006103516,166.400009155273,408.590026855469,234.780014038086,628.859985351562,441.799987792969,392.920013427734,325.239990234375,369.950012207031,451.779998779297,217.070007324219,157.290008544922,NA,NA,NA,NA,NA,NA,NA,NA,NA,NA,NA,NA,NA,NA,NA,NA,NA,NA,NA,NA,NA,NA,NA,NA,NA,NA,NA,NA,NA,NA,NA
"21-SEP-2017",2017-09-21 10:01:25,"2017-09-21","10H 1M 25S","Unknown","2.16.0","Unknown","Unknown",610,NA,260,NA,104594.80078125,NA,121830.80078125,NA,NA,NA,NA,NA,NA,NA,NA,NA,450,464,390,466,471,420,388,500,406,625,641,525,400,569.600036621094,188.400001525879,156.800003051758,397.670013427734,222.040008544922,629.799987792969,429.579986572266,379.760009765625,294.220001220703,359.415008544922,450.55500793457,208.985008239746,147.245002746582,NA,NA,NA,NA,NA,NA,NA,NA,NA,NA,NA,NA,NA,NA,NA,NA,NA,NA,NA,NA,NA,NA,NA,NA,NA,NA,NA,NA,NA,NA,NA
"20-SEP-2017",2017-09-20 09:56:43,"2017-09-20","9H 56M 43S","Unknown","2.16.0","Unknown","Unknown",610,NA,260,NA,102570.3984375,NA,118543.8828125,NA,NA,NA,NA,NA,NA,NA,NA,NA,450,464,390,466,471,420,388,500,406,625,641,525,400,580.799987792969,195.199996948242,160,403.130004882812,228.410003662109,626.039978027344,430.519989013672,376,349.679992675781,370.929992675781,452.27001953125,219.029998779297,156.800003051758,NA,NA,NA,NA,NA,NA,NA,NA,NA,NA,NA,NA,NA,NA,NA,NA,NA,NA,NA,NA,NA,NA,NA,NA,NA,NA,NA,NA,NA,NA,NA
"18-SEP-2017",2017-09-18 12:20:19,"2017-09-18","12H 20M 19S","Unknown","2.16.0","Unknown","Unknown",610,NA,260,NA,105905.6015625,NA,119746.90625,NA,NA,NA,NA,NA,NA,NA,NA,NA,450,464,390,466,471,420,388,500,406,625,641,525,400,577.600036621094,198.400009155273,163.199996948242,414.960021972656,233.870010375977,639.200012207031,440.859985351562,402.320007324219,328.059997558594,376.809997558594,449.820007324219,218.050003051758,154.839996337891,NA,NA,NA,NA,NA,NA,NA,NA,NA,NA,NA,NA,NA,NA,NA,NA,NA,NA,NA,NA,NA,NA,NA,NA,NA,NA,NA,NA,NA,NA,NA
"13-SEP-2017",2017-09-13 09:09:38,"2017-09-13","9H 9M 38S","Unknown","2.16.0","Unknown","Unknown",610,NA,260,NA,22742.3701171875,NA,55018.146484375,NA,NA,NA,NA,NA,NA,NA,NA,NA,450,464,390,466,471,420,388,500,406,625,641,525,400,68.8000030517578,24,36,46.4099998474121,44.5900001525879,117,40,64,66,64.6800003051758,81.8300018310547,35.7700004577637,30.8700008392334,NA,NA,NA,NA,NA,NA,NA,NA,NA,NA,NA,NA,NA,NA,NA,NA,NA,NA,NA,NA,NA,NA,NA,NA,NA,NA,NA,NA,NA,NA,NA
"12-SEP-2017",2017-09-12 09:56:24,"2017-09-12","9H 56M 24S","Unknown","2.16.0","Unknown","Unknown",610,NA,260,NA,102580.0234375,NA,115598.66796875,NA,NA,NA,NA,NA,NA,NA,NA,NA,450,464,390,466,471,420,388,500,406,625,641,525,400,570.400024414062,185.600006103516,151.199996948242,385.839996337891,212.940002441406,612,405,359,295,352.800018310547,416.5,208.740005493164,145.040008544922,NA,NA,NA,NA,NA,NA,NA,NA,NA,NA,NA,NA,NA,NA,NA,NA,NA,NA,NA,NA,NA,NA,NA,NA,NA,NA,NA,NA,NA,NA,NA
"11-SEP-2017",2017-09-11 10:10:40,"2017-09-11","10H 10M 40S","Unknown","2.16.0","Unknown","Unknown",610,NA,260,NA,66078.1796875,NA,81348.99609375,NA,NA,NA,NA,NA,NA,NA,NA,NA,450,464,390,466,471,420,388,500,406,625,641,525,400,163.199996948242,60.7999992370605,79.2000045776367,108.290000915527,95.5500030517578,316,94,187,125,140.139999389648,198.449996948242,81.8300018310547,65.1699981689453,NA,NA,NA,NA,NA,NA,NA,NA,NA,NA,NA,NA,NA,NA,NA,NA,NA,NA,NA,NA,NA,NA,NA,NA,NA,NA,NA,NA,NA,NA,NA
"08-SEP-2017",2017-09-08 09:23:43,"2017-09-08","9H 23M 43S","Unknown","2.16.0","Unknown","Unknown",610,NA,260,NA,101495.02734375,NA,117491.46875,NA,NA,NA,NA,NA,NA,NA,NA,NA,450,464,390,466,471,420,388,500,406,625,641,525,400,568,184,150.400009155273,382.655014038086,208.389999389648,598,389,343,281,350.839996337891,417.970001220703,205.309997558594,143.570007324219,NA,NA,NA,NA,NA,NA,NA,NA,NA,NA,NA,NA,NA,NA,NA,NA,NA,NA,NA,NA,NA,NA,NA,NA,NA,NA,NA,NA,NA,NA,NA
"07-SEP-2017",2017-09-07 09:08:58,"2017-09-07","9H 8M 58S","Unknown","LSRII","1","Administrator",610,NA,260,NA,100707.296875,NA,115761.55859375,NA,64.02,0,21.05,43.6,0.8,0.91,1,0.49,450,464,390,466,471,420,388,500,406,625,641,525,400,568.399993896484,185.600006103516,144.800003051758,369.460021972656,194.740005493164,663,446,357,289,326.339996337891,389.550018310547,193.059997558594,131.320007324219,NA,NA,NA,NA,NA,NA,NA,NA,NA,NA,NA,NA,NA,NA,NA,NA,NA,NA,NA,NA,NA,NA,NA,NA,NA,NA,NA,NA,NA,NA,NA
"06-SEP-2017",2017-09-06 10:16:52,"2017-09-06","10H 16M 52S","Unknown","2.16.0","Unknown","Unknown",610,NA,260,NA,54491.939453125,NA,60611.462890625,NA,NA,NA,NA,NA,NA,NA,NA,NA,450,464,390,466,471,420,388,500,406,625,641,525,400,156.800003051758,64,87.2000045776367,94.6399993896484,94.6399993896484,193,81,128,122.5,136.955001831055,176.889999389648,76.9300003051758,68.8450012207031,NA,NA,NA,NA,NA,NA,NA,NA,NA,NA,NA,NA,NA,NA,NA,NA,NA,NA,NA,NA,NA,NA,NA,NA,NA,NA,NA,NA,NA,NA,NA
"05-SEP-2017",2017-09-05 10:02:31,"2017-09-05","10H 2M 31S","Unknown","2.16.0","Unknown","Unknown",610,NA,260,NA,103402.98046875,NA,117740.80859375,NA,NA,NA,NA,NA,NA,NA,NA,NA,450,464,390,466,471,420,388,500,406,625,641,525,400,601.600036621094,194.400009155273,156,389.480010986328,208.389999389648,662,449,368,297,344.470001220703,422.380004882812,207.760009765625,144.550003051758,NA,NA,NA,NA,NA,NA,NA,NA,NA,NA,NA,NA,NA,NA,NA,NA,NA,NA,NA,NA,NA,NA,NA,NA,NA,NA,NA,NA,NA,NA,NA
"01-SEP-2017",2017-09-01 12:16:06,"2017-09-01","12H 16M 6S","Unknown","2.16.0","Unknown","Unknown",610,NA,260,NA,107352.5390625,NA,118079.78125,NA,NA,NA,NA,NA,NA,NA,NA,NA,450,464,390,466,471,420,388,500,406,625,641,525,400,572.399993896484,191.199996948242,155.599998474121,407.680023193359,227.500007629395,658,449.5,410,355.5,388.080017089844,460.355010986328,197.715003967285,132.790000915527,NA,NA,NA,NA,NA,NA,NA,NA,NA,NA,NA,NA,NA,NA,NA,NA,NA,NA,NA,NA,NA,NA,NA,NA,NA,NA,NA,NA,NA,NA,NA
"31-JUL-2017",2017-07-31 11:00:24,"2017-07-31","11H 0M 24S","Unknown","LSRII","1","Administrator",NA,NA,610,NA,104689.66796875,NA,116586.9296875,NA,62.53,0,21.29,42.5,0.83,0.91,0.94,0.5,260,450,464,390,466,471,420,388,500,406,625,641,525,634.119995117188,208.330001831055,170.149993896484,402.675003051758,228.410003662109,626.039978027344,418.299987792969,370.359985351562,311.609985351562,380.75,459,222,161,NA,NA,NA,NA,NA,NA,NA,NA,NA,NA,NA,NA,NA,NA,NA,NA,NA,NA,NA,NA,NA,NA,NA,NA,NA,NA,NA,NA,NA,NA,400
"28-JUL-2017",2017-07-28 10:44:13,"2017-07-28","10H 44M 13S","Unknown","LSRII","1","Administrator",NA,NA,610,NA,85691.92578125,NA,116235.66796875,NA,62.53,0,21.29,42.5,0.83,0.91,0.94,0.5,260,450,464,390,466,471,420,388,500,406,625,641,525,554.440002441406,165.584999084473,126.98999786377,366.730010986328,187.460006713867,639.200012207031,407.959991455078,358.139984130859,253.800003051758,326.5,411,186.5,122.5,NA,NA,NA,NA,NA,NA,NA,NA,NA,NA,NA,NA,NA,NA,NA,NA,NA,NA,NA,NA,NA,NA,NA,NA,NA,NA,NA,NA,NA,NA,400
"27-JUL-2017",2017-07-27 09:48:36,"2017-07-27","9H 48M 36S","Unknown","LSRII","1","Administrator",NA,NA,610,NA,74796.20703125,NA,116461.34765625,NA,62.53,0,21.29,42.5,0.83,0.91,0.94,0.5,260,450,464,390,466,471,420,388,500,406,625,641,525,546.969970703125,148.56999206543,116.199996948242,352.170013427734,175.630004882812,591.260009765625,374.119995117188,338.399993896484,229.360000610352,329,406.5,182,119,NA,NA,NA,NA,NA,NA,NA,NA,NA,NA,NA,NA,NA,NA,NA,NA,NA,NA,NA,NA,NA,NA,NA,NA,NA,NA,NA,NA,NA,NA,400
"26-JUL-2017",2017-07-26 09:58:48,"2017-07-26","9H 58M 48S","Unknown","LSRII","1","Administrator",NA,NA,610,NA,101969.28125,NA,117181.6171875,NA,62.53,0,21.29,42.5,0.83,0.91,0.94,0.5,260,450,464,390,466,471,420,388,500,406,625,641,525,562.739990234375,174.300003051758,136.119995117188,376.740020751953,204.75,598.779968261719,392.920013427734,364.720001220703,277.299987792969,362,426.75,206,140.25,NA,NA,NA,NA,NA,NA,NA,NA,NA,NA,NA,NA,NA,NA,NA,NA,NA,NA,NA,NA,NA,NA,NA,NA,NA,NA,NA,NA,NA,NA,400
"25-JUL-2017",2017-07-25 09:58:01,"2017-07-25","9H 58M 1S","Unknown","LSRII","1","Administrator",NA,NA,610,NA,103283.91015625,NA,117521.5,NA,62.53,0,21.29,42.5,0.83,0.91,0.94,0.5,260,450,464,390,466,471,420,388,500,406,625,641,525,602.580017089844,189.239990234375,151.889999389648,382.200012207031,210.210006713867,619.930023193359,405.139984130859,366.600006103516,279.179992675781,366,440.5,209,142.5,NA,NA,NA,NA,NA,NA,NA,NA,NA,NA,NA,NA,NA,NA,NA,NA,NA,NA,NA,NA,NA,NA,NA,NA,NA,NA,NA,NA,NA,NA,400
"24-JUL-2017",2017-07-24 10:45:30,"2017-07-24","10H 45M 30S","Unknown","LSRII","1","Administrator",NA,NA,610,NA,101179.93359375,NA,115290.1796875,NA,62.53,0,21.29,42.5,0.83,0.91,0.94,0.5,260,450,464,390,466,471,420,388,500,406,625,641,525,615.859985351562,193.389999389648,156.039993286133,386.75,215.670013427734,620.400024414062,415.480010986328,375.059997558594,284.820007324219,363,455,212,145.5,NA,NA,NA,NA,NA,NA,NA,NA,NA,NA,NA,NA,NA,NA,NA,NA,NA,NA,NA,NA,NA,NA,NA,NA,NA,NA,NA,NA,NA,NA,400
"21-JUL-2017",2017-07-21 11:14:31,"2017-07-21","11H 14M 31S","Unknown","LSRII","1","Administrator",NA,NA,610,NA,109983.828125,NA,121473.171875,NA,62.5,0,21.29,42.5,0.83,0.91,0.94,0.5,260,450,464,390,466,471,420,388,500,406,625,641,525,638.684967041016,212.894996643066,180.940002441406,414.960006713867,239.785003662109,670.219970703125,454.019989013672,384.459991455078,328.529998779297,371.75,446.75,227.25,162,NA,NA,NA,NA,NA,NA,NA,NA,NA,NA,NA,NA,NA,NA,NA,NA,NA,NA,NA,NA,NA,NA,NA,NA,NA,NA,NA,NA,NA,NA,400
"20-JUL-2017",2017-07-20 09:53:52,"2017-07-20","9H 53M 52S","Unknown","LSRII","1","Administrator",NA,NA,610,NA,104671.84375,NA,117447.3359375,NA,62.53,0,21.29,42.5,0.83,0.91,0.94,0.5,260,450,464,390,466,471,420,388,500,406,625,641,525,639.099975585938,206.669998168945,170.979995727539,396.760009765625,223.860000610352,627.919982910156,423.940002441406,375.059997558594,311.139984130859,372.5,459.5,220.5,155,NA,NA,NA,NA,NA,NA,NA,NA,NA,NA,NA,NA,NA,NA,NA,NA,NA,NA,NA,NA,NA,NA,NA,NA,NA,NA,NA,NA,NA,NA,400
"18-JUL-2017",2017-07-18 09:57:53,"2017-07-18","9H 57M 53S","Unknown","LSRII","1","Administrator",NA,NA,610,NA,105897.375,NA,118516.12890625,NA,62.53,0,21.29,42.5,0.83,0.91,0.94,0.5,260,450,464,390,466,471,420,388,500,406,625,641,525,632.4599609375,210.81999206543,177.619995117188,407.680023193359,229.320007324219,645.779968261719,436.160003662109,389.160003662109,319.600006103516,382,459.5,222,161,NA,NA,NA,NA,NA,NA,NA,NA,NA,NA,NA,NA,NA,NA,NA,NA,NA,NA,NA,NA,NA,NA,NA,NA,NA,NA,NA,NA,NA,NA,400
"17-JUL-2017",2017-07-17 10:20:55,"2017-07-17","10H 20M 55S","Unknown","LSRII","1","Administrator",NA,NA,610,NA,104304.9140625,NA,117543.796875,NA,62.53,0,21.29,42.5,0.83,0.91,0.94,0.5,260,450,464,390,466,471,420,388,500,406,625,641,525,638.269958496094,209.15998840332,169.31999206543,403.130004882812,230.230010986328,633.559997558594,423.940002441406,382.579986572266,312.079986572266,372,447.5,222.5,159.5,NA,NA,NA,NA,NA,NA,NA,NA,NA,NA,NA,NA,NA,NA,NA,NA,NA,NA,NA,NA,NA,NA,NA,NA,NA,NA,NA,NA,NA,NA,400
"14-JUL-2017",2017-07-14 09:57:46,"2017-07-14","9H 57M 46S","Unknown","LSRII","1","Administrator",NA,NA,610,NA,105993.765625,NA,119120.3671875,NA,62.53,0,21.29,42.5,0.83,0.91,0.94,0.5,260,450,464,390,466,471,420,388,500,406,625,641,525,662.339965820312,220.779998779297,180.940002441406,412.230010986328,235.690002441406,651.419982910156,442.739990234375,393.859985351562,325.239990234375,383,468.5,228.75,163,NA,NA,NA,NA,NA,NA,NA,NA,NA,NA,NA,NA,NA,NA,NA,NA,NA,NA,NA,NA,NA,NA,NA,NA,NA,NA,NA,NA,NA,NA,400
"13-JUL-2017",2017-07-13 10:58:50,"2017-07-13","10H 58M 50S","Unknown","LSRII","1","Administrator",NA,NA,610,NA,108463.453125,NA,119295.54296875,NA,62.53,0,21.29,42.5,0.83,0.91,0.94,0.5,260,450,464,390,466,471,420,388,500,406,625,641,525,646.570007324219,219.119995117188,178.449996948242,411.320007324219,236.600006103516,674.919982910156,452.139984130859,391.040008544922,323.359985351562,374.5,462.5,219.5,161,NA,NA,NA,NA,NA,NA,NA,NA,NA,NA,NA,NA,NA,NA,NA,NA,NA,NA,NA,NA,NA,NA,NA,NA,NA,NA,NA,NA,NA,NA,400
"12-JUL-2017",2017-07-12 08:57:10,"2017-07-12","8H 57M 10S","Unknown","LSRII","1","Administrator",NA,NA,610,NA,106342.47265625,NA,119559.4453125,NA,62.53,0,21.29,42.5,0.83,0.91,0.94,0.5,260,450,464,390,466,471,420,388,500,406,625,641,525,669.809997558594,222.440002441406,183.429992675781,415.870025634766,237.510009765625,653.299987792969,436.160003662109,388.220001220703,328.059997558594,386.5,474,230.5,168.5,NA,NA,NA,NA,NA,NA,NA,NA,NA,NA,NA,NA,NA,NA,NA,NA,NA,NA,NA,NA,NA,NA,NA,NA,NA,NA,NA,NA,NA,NA,400
"11-JUL-2017",2017-07-11 09:36:19,"2017-07-11","9H 36M 19S","Unknown","LSRII","1","Administrator",NA,NA,610,NA,105360.75,NA,119749.6328125,NA,62.53,0,21.29,42.5,0.83,0.91,0.94,0.5,260,450,464,390,466,471,420,388,500,406,625,641,525,649.890014648438,219.119995117188,183.429992675781,418.600006103516,240.240005493164,650.47998046875,440.859985351562,399.5,331.820007324219,390,469.5,228.5,169.75,NA,NA,NA,NA,NA,NA,NA,NA,NA,NA,NA,NA,NA,NA,NA,NA,NA,NA,NA,NA,NA,NA,NA,NA,NA,NA,NA,NA,NA,NA,400
"10-JUL-2017",2017-07-10 10:19:32,"2017-07-10","10H 19M 32S","Unknown","LSRII","1","Administrator",NA,NA,610,NA,105665.71484375,NA,120108.62890625,NA,62.53,0,21.29,42.5,0.83,0.91,0.94,0.5,260,450,464,390,466,471,420,388,500,406,625,641,525,682.260009765625,221.610000610352,183.429992675781,422.240020751953,248.43000793457,636.380004882812,426.760009765625,390.100006103516,324.299987792969,395.5,491.5,232.5,171,NA,NA,NA,NA,NA,NA,NA,NA,NA,NA,NA,NA,NA,NA,NA,NA,NA,NA,NA,NA,NA,NA,NA,NA,NA,NA,NA,NA,NA,NA,400
"07-JUL-2017",2017-07-07 11:01:32,"2017-07-07","11H 1M 32S","Unknown","LSRII","1","Administrator",NA,NA,610,NA,106425.90234375,NA,118953.83984375,NA,62.53,0,21.29,42.5,0.83,0.91,0.94,0.5,260,450,464,390,466,471,420,388,500,406,625,641,525,633.289978027344,209.15998840332,172.639999389648,415.870025634766,234.780014038086,654.239990234375,446.5,396.679992675781,316.779998779297,381,464.5,223.25,163,NA,NA,NA,NA,NA,NA,NA,NA,NA,NA,NA,NA,NA,NA,NA,NA,NA,NA,NA,NA,NA,NA,NA,NA,NA,NA,NA,NA,NA,NA,400
"06-JUL-2017",2017-07-06 11:21:29,"2017-07-06","11H 21M 29S","Unknown","LSRII","1","Administrator",NA,NA,610,NA,107343.6328125,NA,119309.1953125,NA,62.53,0,21.29,42.5,0.83,0.91,0.94,0.5,260,450,464,390,466,471,420,388,500,406,625,641,525,639.099975585938,209.989990234375,173.470001220703,408.590026855469,224.770004272461,659.880004882812,443.679992675781,385.399993896484,308.320007324219,373,450,215.5,159.5,NA,NA,NA,NA,NA,NA,NA,NA,NA,NA,NA,NA,NA,NA,NA,NA,NA,NA,NA,NA,NA,NA,NA,NA,NA,NA,NA,NA,NA,NA,400
"05-JUL-2017",2017-07-05 10:23:59,"2017-07-05","10H 23M 59S","Unknown","LSRII","1","Administrator",NA,NA,610,NA,106065.046875,NA,119120.8203125,NA,62.53,0,21.29,42.5,0.83,0.91,0.94,0.5,260,450,464,390,466,471,420,388,500,406,625,641,525,635.364990234375,205.009994506836,174.300003051758,409.5,225.225006103516,644.839996337891,438.040008544922,400.440002441406,319.130004882812,381.75,451.25,224.5,156.25,NA,NA,NA,NA,NA,NA,NA,NA,NA,NA,NA,NA,NA,NA,NA,NA,NA,NA,NA,NA,NA,NA,NA,NA,NA,NA,NA,NA,NA,NA,400
"03-JUL-2017",2017-07-03 11:00:23,"2017-07-03","11H 0M 23S","Unknown","LSRII","1","Administrator",NA,NA,610,NA,103288.7734375,NA,117699.859375,NA,62.53,0,21.29,42.5,0.83,0.91,0.94,0.5,260,450,464,390,466,471,420,388,500,406,625,641,525,650.304992675781,209.989990234375,174.300003051758,404.950012207031,222.040008544922,636.380004882812,431.459991455078,393.389999389648,308.320007324219,379.75,463.75,221.5,161.5,NA,NA,NA,NA,NA,NA,NA,NA,NA,NA,NA,NA,NA,NA,NA,NA,NA,NA,NA,NA,NA,NA,NA,NA,NA,NA,NA,NA,NA,NA,400
"30-JUN-2017",2017-06-30 09:13:24,"2017-06-30","9H 13M 24S","Unknown","LSRII","1","Administrator",NA,NA,610,NA,105130.3046875,NA,117017.359375,NA,62.53,0,21.29,42.5,0.83,0.91,0.94,0.5,260,450,464,390,466,471,420,388,500,406,625,641,525,620.010009765625,205.839996337891,171.809997558594,404.040008544922,226.59001159668,625.099975585938,424.880004882812,376,306.440002441406,370.5,439,216.5,158,NA,NA,NA,NA,NA,NA,NA,NA,NA,NA,NA,NA,NA,NA,NA,NA,NA,NA,NA,NA,NA,NA,NA,NA,NA,NA,NA,NA,NA,NA,400
"29-JUN-2017",2017-06-29 10:54:21,"2017-06-29","10H 54M 21S","Unknown","LSRII","1","Administrator",NA,NA,610,NA,102984.61328125,NA,115940.828125,NA,62.53,0,21.29,42.5,0.83,0.91,0.94,0.5,260,450,464,390,466,471,420,388,500,406,625,641,525,622.5,205.839996337891,166,406.77001953125,227.5,598.779968261719,402.320007324219,374.119995117188,315.839996337891,384.75,454.5,228.75,166.5,NA,NA,NA,NA,NA,NA,NA,NA,NA,NA,NA,NA,NA,NA,NA,NA,NA,NA,NA,NA,NA,NA,NA,NA,NA,NA,NA,NA,NA,NA,400
"28-JUN-2017",2017-06-28 10:21:55,"2017-06-28","10H 21M 55S","Unknown","LSRII","1","Administrator",NA,NA,610,NA,104948.4609375,NA,119662.7265625,NA,62.53,0,21.29,42.5,0.83,0.91,0.94,0.5,260,450,464,390,466,471,420,388,500,406,625,641,525,636.609985351562,211.649993896484,179.279998779297,409.5,237.510009765625,571.52001953125,379.760009765625,358.139984130859,308.320007324219,390,471.5,229.5,169,NA,NA,NA,NA,NA,NA,NA,NA,NA,NA,NA,NA,NA,NA,NA,NA,NA,NA,NA,NA,NA,NA,NA,NA,NA,NA,NA,NA,NA,NA,400
"26-JUN-2017",2017-06-26 10:19:53,"2017-06-26","10H 19M 53S","Unknown","LSRII","1","Administrator",NA,NA,610,NA,104058.26953125,NA,119755.546875,NA,62.5,0,21,42.5,0.83,0.91,0.94,0.5,260,450,464,390,466,471,420,388,500,406,625,641,525,658.190002441406,193.389999389648,158.529998779297,415.870025634766,228.410003662109,603.47998046875,396.679992675781,382.579986572266,314.899993896484,400,517,211.5,143,NA,NA,NA,NA,NA,NA,NA,NA,NA,NA,NA,NA,NA,NA,NA,NA,NA,NA,NA,NA,NA,NA,NA,NA,NA,NA,NA,NA,NA,NA,400
"23-JUN-2017",2017-06-23 14:06:42,"2017-06-23","14H 6M 42S","Unknown","LSRII","1","Administrator",NA,NA,610,NA,109242.2734375,NA,118489.28125,NA,62.5,0,21,42.5,0.83,0.91,0.94,0.5,260,450,464,390,466,471,420,388,500,406,625,641,525,638.269958496094,215.800003051758,186.75,421.330017089844,242.970001220703,659.880004882812,457.779998779297,407.959991455078,351.559997558594,384,478,217,160,NA,NA,NA,NA,NA,NA,NA,NA,NA,NA,NA,NA,NA,NA,NA,NA,NA,NA,NA,NA,NA,NA,NA,NA,NA,NA,NA,NA,NA,NA,400
"21-JUN-2017",2017-06-21 10:35:45,"2017-06-21","10H 35M 45S","Unknown","LSRII","1","Administrator",NA,NA,610,NA,106955.234375,NA,120736.0703125,NA,62.53,0,21.29,42.5,0.83,0.91,0.94,0.5,260,450,464,390,466,471,420,388,500,406,625,641,525,580.169982910156,168.489990234375,132.800003051758,405.860015869141,206.570007324219,650.47998046875,443.679992675781,383.519989013672,302.679992675781,346,444.5,183,123,NA,NA,NA,NA,NA,NA,NA,NA,NA,NA,NA,NA,NA,NA,NA,NA,NA,NA,NA,NA,NA,NA,NA,NA,NA,NA,NA,NA,NA,NA,400
"19-JUN-2017",2017-06-19 15:44:32,"2017-06-19","15H 44M 32S","Unknown","LSRII","1","Administrator",NA,NA,610,NA,106881.12109375,NA,118275.88671875,NA,62.53,0,21.29,42.5,0.83,0.91,0.94,0.5,260,450,464,390,466,471,420,388,500,406,625,641,525,627.47998046875,214.970001220703,180.940002441406,407.680023193359,232.960006713867,655.179992675781,454.019989013672,397.619995117188,325.239990234375,376.5,466,213.5,158.5,NA,NA,NA,NA,NA,NA,NA,NA,NA,NA,NA,NA,NA,NA,NA,NA,NA,NA,NA,NA,NA,NA,NA,NA,NA,NA,NA,NA,NA,NA,400
"16-JUN-2017",2017-06-16 10:15:21,"2017-06-16","10H 15M 21S","Unknown","LSRII","1","Administrator",NA,NA,610,NA,106468.42578125,NA,118853.28515625,NA,62.53,0,21.29,42.5,0.83,0.91,0.94,0.5,260,450,464,390,466,471,420,388,500,406,625,641,525,629.969970703125,216.629989624023,176.789993286133,412.230010986328,246.155006408691,648.599975585938,455.899993896484,406.549987792969,335.579986572266,396.5,491,231,172,NA,NA,NA,NA,NA,NA,NA,NA,NA,NA,NA,NA,NA,NA,NA,NA,NA,NA,NA,NA,NA,NA,NA,NA,NA,NA,NA,NA,NA,NA,400
"15-JUN-2017",2017-06-15 11:03:42,"2017-06-15","11H 3M 42S","Unknown","LSRII","1","Administrator",NA,NA,610,NA,105412.58984375,NA,119783.7578125,NA,62.53,0,21.29,42.5,0.83,0.91,0.94,0.5,260,450,464,390,466,471,420,388,500,406,625,641,525,627.47998046875,211.649993896484,178.449996948242,404.040008544922,227.5,634.5,438.040008544922,358.139984130859,325.239990234375,379,462.5,219.75,161,NA,NA,NA,NA,NA,NA,NA,NA,NA,NA,NA,NA,NA,NA,NA,NA,NA,NA,NA,NA,NA,NA,NA,NA,NA,NA,NA,NA,NA,NA,400
"14-JUN-2017",2017-06-14 14:12:30,"2017-06-14","14H 12M 30S","Unknown","LSRII","1","Administrator",NA,NA,610,NA,105660.046875,NA,120386.6328125,NA,62.53,0,21.29,42.5,0.83,0.91,0.94,0.5,260,450,464,390,466,471,420,388,500,406,625,641,525,633.289978027344,218.289993286133,182.599990844727,410.410003662109,240.240005493164,659.880004882812,451.200012207031,378.820007324219,344.040008544922,390.5,479,229.5,165.5,NA,NA,NA,NA,NA,NA,NA,NA,NA,NA,NA,NA,NA,NA,NA,NA,NA,NA,NA,NA,NA,NA,NA,NA,NA,NA,NA,NA,NA,NA,400
"13-JUN-2017",2017-06-13 10:36:11,"2017-06-13","10H 36M 11S","Unknown","LSRII","1","Administrator",NA,NA,610,NA,106874.234375,NA,117693.9453125,NA,62.53,0,21.29,42.5,0.83,0.91,0.94,0.5,260,450,464,390,466,471,420,388,500,406,625,641,525,647.399963378906,219.119995117188,184.259994506836,409.5,236.600006103516,650.47998046875,445.559997558594,365.660003662109,331.350006103516,386,477,227.5,167,NA,NA,NA,NA,NA,NA,NA,NA,NA,NA,NA,NA,NA,NA,NA,NA,NA,NA,NA,NA,NA,NA,NA,NA,NA,NA,NA,NA,NA,NA,400
"09-JUN-2017",2017-06-09 11:07:55,"2017-06-09","11H 7M 55S","Unknown","LSRII","1","Administrator",NA,NA,610,NA,106612.203125,NA,118288.171875,NA,62.53,0,21.29,42.5,0.83,0.91,0.94,0.5,260,450,464,390,466,471,420,388,500,406,625,641,525,654.039978027344,221.610000610352,185.089996337891,411.320007324219,241.150009155273,624.159973144531,431.459991455078,353.440002441406,325.239990234375,395.5,476,231.5,169.5,NA,NA,NA,NA,NA,NA,NA,NA,NA,NA,NA,NA,NA,NA,NA,NA,NA,NA,NA,NA,NA,NA,NA,NA,NA,NA,NA,NA,NA,NA,400
"08-JUN-2017",2017-06-08 17:10:43,"2017-06-08","17H 10M 43S","Unknown","LSRII","1","Administrator",NA,NA,610,NA,92182.046875,NA,117160.68359375,NA,62.53,0,21.29,42.5,0.83,0.91,0.94,0.5,260,450,464,390,466,471,420,388,500,406,625,641,525,589.714996337891,172.224998474121,136.119995117188,373.55500793457,188.825004577637,569.170013427734,381.169998168945,309.260009765625,266.959991455078,342.25,425.25,178.5,124.75,NA,NA,NA,NA,NA,NA,NA,NA,NA,NA,NA,NA,NA,NA,NA,NA,NA,NA,NA,NA,NA,NA,NA,NA,NA,NA,NA,NA,NA,NA,400
"07-JUN-2017",2017-06-07 09:18:59,"2017-06-07","9H 18M 59S","Unknown","LSRII","1","Administrator",NA,NA,610,NA,102494.96875,NA,119963.48046875,NA,62.53,0,21.29,42.5,0.83,0.91,0.94,0.5,260,450,464,390,466,471,420,388,500,406,625,641,525,642.419982910156,199.199996948242,162.679992675781,404.950012207031,222.495010375977,587.5,407.959991455078,337.459991455078,298.920013427734,382.5,471.75,211.5,152.5,NA,NA,NA,NA,NA,NA,NA,NA,NA,NA,NA,NA,NA,NA,NA,NA,NA,NA,NA,NA,NA,NA,NA,NA,NA,NA,NA,NA,NA,NA,400
"05-JUN-2017",2017-06-05 10:01:11,"2017-06-05","10H 1M 11S","Unknown","LSRII","1","Administrator",NA,NA,610,NA,103754.51953125,NA,121100.984375,NA,62.53,0,21.29,42.5,0.83,0.91,0.94,0.5,260,450,464,390,466,471,420,388,500,406,625,641,525,636.609985351562,200.029998779297,165.169998168945,409.5,224.770004272461,614.760009765625,427.700012207031,349.679992675781,301.739990234375,378.5,468,212.5,154,NA,NA,NA,NA,NA,NA,NA,NA,NA,NA,NA,NA,NA,NA,NA,NA,NA,NA,NA,NA,NA,NA,NA,NA,NA,NA,NA,NA,NA,NA,400
"02-JUN-2017",2017-06-02 09:08:40,"2017-06-02","9H 8M 40S","Unknown","LSRII","1","Administrator",NA,NA,610,NA,105599.296875,NA,119732.34375,NA,62.53,0,21.29,42.5,0.83,0.91,0.94,0.5,260,450,464,390,466,471,420,388,500,406,625,641,525,656.114990234375,209.989990234375,176.789993286133,410.410003662109,230.230010986328,541.440002441406,368.480010986328,311.139984130859,295.160003662109,392.5,488.5,221.5,162,NA,NA,NA,NA,NA,NA,NA,NA,NA,NA,NA,NA,NA,NA,NA,NA,NA,NA,NA,NA,NA,NA,NA,NA,NA,NA,NA,NA,NA,NA,400
"01-JUN-2017",2017-06-01 10:01:19,"2017-06-01","10H 1M 19S","Unknown","LSRII","1","Administrator",NA,NA,610,NA,106683.4765625,NA,119911.16015625,NA,62.53,0,21.29,42.5,0.83,0.91,0.94,0.5,260,450,464,390,466,471,420,388,500,406,625,641,525,659.849975585938,214.970001220703,182.599990844727,411.320007324219,230.230010986328,599.719970703125,410.779998779297,341.690002441406,310.200012207031,390.25,487.5,224.5,162,NA,NA,NA,NA,NA,NA,NA,NA,NA,NA,NA,NA,NA,NA,NA,NA,NA,NA,NA,NA,NA,NA,NA,NA,NA,NA,NA,NA,NA,NA,400
"31-MAY-2017",2017-05-31 10:57:51,"2017-05-31","10H 57M 51S","Unknown","2.16.0","Unknown","Unknown",610,NA,260,NA,107047.9765625,NA,118160.7734375,NA,NA,NA,NA,NA,NA,NA,NA,NA,450,464,390,466,471,420,388,500,406,625,641,525,400,655.700012207031,216.629989624023,181.769989013672,414.960021972656,237.510009765625,656.119995117188,454.959991455078,364.720001220703,329,383.5,476,228.5,170,NA,NA,NA,NA,NA,NA,NA,NA,NA,NA,NA,NA,NA,NA,NA,NA,NA,NA,NA,NA,NA,NA,NA,NA,NA,NA,NA,NA,NA,NA,NA
"30-MAY-2017",2017-05-30 08:47:30,"2017-05-30","8H 47M 30S","Unknown","2.16.0","Unknown","Unknown",610,NA,260,NA,106212.05859375,NA,119838.359375,NA,NA,NA,NA,NA,NA,NA,NA,NA,450,464,390,466,471,420,388,500,406,625,641,525,400,664,217.459991455078,181.769989013672,408.590026855469,235.690002441406,625.099975585938,432.399993896484,355.320007324219,314.899993896484,381,469.25,228,166,NA,NA,NA,NA,NA,NA,NA,NA,NA,NA,NA,NA,NA,NA,NA,NA,NA,NA,NA,NA,NA,NA,NA,NA,NA,NA,NA,NA,NA,NA,NA
"26-MAY-2017",2017-05-26 08:58:11,"2017-05-26","8H 58M 11S","Unknown","2.16.0","Unknown","Unknown",610,NA,260,NA,102774.421875,NA,119185.4296875,NA,NA,NA,NA,NA,NA,NA,NA,NA,450,464,390,466,471,420,388,500,406,625,641,525,400,657.359985351562,214.970001220703,183.429992675781,406.77001953125,235.690002441406,598.779968261719,415.480010986328,341.220001220703,306.440002441406,387,481.5,230,165.5,NA,NA,NA,NA,NA,NA,NA,NA,NA,NA,NA,NA,NA,NA,NA,NA,NA,NA,NA,NA,NA,NA,NA,NA,NA,NA,NA,NA,NA,NA,NA
"25-MAY-2017",2017-05-25 20:46:05,"2017-05-25","20H 46M 5S","Unknown","2.16.0","Unknown","Unknown",610,NA,260,NA,106253.37109375,NA,119421.125,NA,NA,NA,NA,NA,NA,NA,NA,NA,450,464,390,466,471,420,388,500,406,625,641,525,400,660.679992675781,226.589996337891,189.239990234375,409.5,238.420013427734,643.900024414062,451.200012207031,369.420013427734,324.299987792969,390,488.5,229,169,NA,NA,NA,NA,NA,NA,NA,NA,NA,NA,NA,NA,NA,NA,NA,NA,NA,NA,NA,NA,NA,NA,NA,NA,NA,NA,NA,NA,NA,NA,NA
"25-MAY-2017",2017-05-25 20:46:05,"2017-05-25","20H 46M 5S","Unknown","2.16.0","Unknown","Unknown",610,NA,260,NA,106253.37109375,NA,119421.125,NA,NA,NA,NA,NA,NA,NA,NA,NA,450,464,390,466,471,420,388,500,406,625,641,525,400,660.679992675781,226.589996337891,189.239990234375,409.5,238.420013427734,643.900024414062,451.200012207031,369.420013427734,324.299987792969,390,488.5,229,169,NA,NA,NA,NA,NA,NA,NA,NA,NA,NA,NA,NA,NA,NA,NA,NA,NA,NA,NA,NA,NA,NA,NA,NA,NA,NA,NA,NA,NA,NA,NA
